seg,total,jstar,exc,sat,absmax,dtau_rms,v_mean
data/SYNTHETIC/05094.csv,1721.0666622672752,97.3267967551674,1592.4998655121078,36,5.080424153776249,1.1475919073861924,30.07821011042505
data/SYNTHETIC/05469.csv,887.3818808454666,28.12108322682509,828.0207976186416,26,3.9889163064767854,0.6522068370401934,16.022244486694603
data/SYNTHETIC/05142.csv,808.6235983660187,133.50040312239446,643.8831952436242,13,5.147154503196258,1.3097345716353812,15.951785423564184
data/SYNTHETIC/05270.csv,519.824165258882,31.471926935295137,457.11223832358684,9,3.87248558676361,0.753489302072845,24.18408080442955
data/SYNTHETIC/05999.csv,510.1505002494882,50.27212283666617,428.638377412822,11,3.654320473610796,0.7556836549703219,10.843426734678593
data/SYNTHETIC/05542.csv,474.30365127089055,35.84734608443345,407.21630518645713,7,3.952690324745672,0.6360295176995596,17.11872766692323
data/SYNTHETIC/05957.csv,391.34375090596416,31.905221995891743,328.1985289100724,11,3.6388341567142737,0.665820753502045,13.301610472706612
data/SYNTHETIC/05390.csv,357.091293125519,37.13639637893052,288.71489674658847,5,3.833268986602506,0.645762324935495,12.192250877254542
data/SYNTHETIC/05723.csv,367.70375762610365,55.825338672005074,280.6384189540986,8,3.446666625525611,0.8698236738728128,14.15589123254657
data/SYNTHETIC/05706.csv,370.745070347808,59.88136870112626,279.62370164668175,4,4.204017905876717,0.824823563189449,12.695502358358311
data/SYNTHETIC/05822.csv,357.84304816958286,71.02755434197277,255.5754938276101,8,4.1297363945882655,0.9323738531138708,10.70607154210743
data/SYNTHETIC/05022.csv,348.77813435924384,83.32607326430114,234.2120610949427,9,3.716844318525675,1.087327161154953,19.025369840546304
data/SYNTHETIC/05207.csv,253.8779251868781,37.16786266060194,185.47006252627614,7,4.1603748768167,0.6841379529291021,18.98184656821451
data/SYNTHETIC/05358.csv,253.34029826317172,37.78001505977307,184.32028320339865,4,3.625654072686181,0.6720945012712515,15.607436349975467
data/SYNTHETIC/05593.csv,249.39486309001387,38.00629694242173,180.14856614759213,3,3.6012437930874306,0.7112547501738424,11.879232489767526
data/SYNTHETIC/05299.csv,201.7055695018476,36.89580842543042,133.5697610764172,6,3.823068825447543,0.6687620626264217,6.318749623917314
data/SYNTHETIC/05021.csv,230.8253792026645,66.10875921055353,133.47661999211095,0,3.559925515964666,1.089532752353546,14.950956131368452
data/SYNTHETIC/05281.csv,195.62174573849904,39.33556156512932,125.04618417336972,6,3.8251607144058353,0.695938169926989,13.074266489750412
data/SYNTHETIC/05353.csv,158.5469673312341,5.015319885631431,122.29164744560268,0,1.803636574093772,0.2718427830311451,37.57278301740708
data/SYNTHETIC/05284.csv,152.85374492490257,30.663896608191862,90.94984831671071,0,2.931114159564641,0.6781455839952066,14.054454045747011
data/SYNTHETIC/05164.csv,125.41754067685528,12.61145461658647,81.56608606026882,0,1.4536559138190877,0.4914210637263297,36.23373329047828
data/SYNTHETIC/05027.csv,111.8027767297424,2.5560215588999298,78.00675517084247,0,0.4324391712992461,0.2294892115331843,40.25023266597134
data/SYNTHETIC/05609.csv,139.9465777946462,33.323727120968016,75.38285067367819,4,4.151220510611092,0.6432565409612025,13.705782915877212
data/SYNTHETIC/05041.csv,113.01906069537549,7.280907612166887,74.49815308320859,0,1.3006323457722526,0.3582852752333197,34.44261644344006
data/SYNTHETIC/05539.csv,103.88405869332291,2.32562121631233,70.31843747701058,0,0.1891164089793132,0.2150159041778241,34.16384426840032
data/SYNTHETIC/05684.csv,103.31976954186156,2.5659260188584443,69.51384352300312,0,0.2372631590043201,0.2301184883136939,32.86569082789752
data/SYNTHETIC/05377.csv,129.18869016473815,30.19634432027005,67.7523458444681,3,3.659035706137647,0.5768168638193397,15.471741329625626
data/SYNTHETIC/05675.csv,101.96864771925632,9.66315174385074,61.06549597540558,0,1.40383949932886,0.4100965375370614,32.709593862583546
data/SYNTHETIC/05444.csv,98.38413140469106,6.096973834370845,61.047157570320216,0,0.5438090039003113,0.3306614832952748,35.80648540882155
data/SYNTHETIC/05936.csv,120.45244199276787,29.50723763122445,59.70520436154342,0,1.7549233182194903,0.6799296029785511,38.28282603923493
data/SYNTHETIC/05088.csv,115.87697425497818,25.50363494951147,59.13333930546671,2,3.413769571906162,0.5309030871524876,13.892789042666218
data/SYNTHETIC/05498.csv,93.13064047712822,3.0170707174965123,58.873569759631714,0,0.5051177294282481,0.2427655397205262,34.75948644664453
data/SYNTHETIC/05426.csv,104.68707395916952,15.053307072180528,58.393766886989,0,2.871121891215478,0.4924573136175419,28.00309164749164
data/SYNTHETIC/05997.csv,95.45091287366236,6.082197953638013,58.12871492002435,0,0.4800087117528641,0.341667541123022,34.80781191634298
data/SYNTHETIC/05644.csv,119.15801129328077,30.21953816714401,57.69847312613676,0,3.456200887689636,0.637148641259756,15.34479878972605
data/SYNTHETIC/05001.csv,92.60114421322194,3.8681046039870752,57.49303960923487,0,1.7358897396733517,0.2412231549900902,33.89568675609271
data/SYNTHETIC/05825.csv,89.17704749637414,2.5358384940151595,55.40120900235898,0,0.2332895976744016,0.2170000178508958,33.801424699003086
data/SYNTHETIC/05450.csv,138.30096081733063,53.278008822266045,53.78295199506459,3,4.139132195272564,0.8607722722759424,13.574484003129436
data/SYNTHETIC/05668.csv,86.47291350136732,1.4716145099226805,53.76129899144464,0,0.1848425198944137,0.1614422869955688,32.74952827501209
data/SYNTHETIC/05794.csv,86.70357005362612,2.0197635023272413,53.443806551298884,0,0.4306408919617825,0.2087152173208672,32.795716549537296
data/SYNTHETIC/05379.csv,108.47787939183544,24.3692431900991,52.86863620173635,0,1.4819692859524394,0.7137571059032372,28.5954960385648
data/SYNTHETIC/05980.csv,177.3864822602795,93.29027878975955,52.85620347051996,3,4.085812783731348,1.134147880490311,7.4926542631085296
data/SYNTHETIC/05650.csv,101.43617393101106,18.658110643992515,51.538063287018545,0,2.99135281298572,0.4696028841682296,12.384630981458804
data/SYNTHETIC/05387.csv,83.09965495063827,1.3684473183894497,50.491207632248816,0,0.125313859874002,0.1883477984688019,33.80462309724343
data/SYNTHETIC/05046.csv,98.0884067114412,17.515980924301346,49.332425787139854,0,1.143269257876612,0.5025326932622289,14.70772430249537
data/SYNTHETIC/05815.csv,85.94421550327621,5.7296555308976025,48.974559972378614,0,0.7832818657763834,0.310091166700189,32.610706234313575
data/SYNTHETIC/05523.csv,86.82066208124297,6.649857015005667,48.930805066237305,0,1.278445136719513,0.346411623323926,33.6530705113322
data/SYNTHETIC/05509.csv,83.00907819010646,2.982418793691238,48.78665939641523,0,0.3369412780438803,0.243572476993947,37.61941624590128
data/SYNTHETIC/05060.csv,83.06573554543931,3.330311875417627,48.49542367002169,0,0.2319102851234564,0.2590375848826003,34.04656919983753
data/SYNTHETIC/05564.csv,100.91990134098108,21.739175025355497,47.94072631562559,0,1.5216139105015798,0.6988000498006639,33.63226951977515
data/SYNTHETIC/05092.csv,83.9759489305752,4.915026596367652,47.82092233420755,0,0.3296545340444379,0.3321285539078354,34.921091586937244
data/SYNTHETIC/05762.csv,80.24482708639452,1.4973993628081292,47.507427723586396,0,0.3893852295302045,0.1759238780545381,31.84714353481619
data/SYNTHETIC/05946.csv,79.95753133728535,1.6429876338887095,47.074543703396635,0,0.7789830390452964,0.1733106327183778,31.310543352406977
data/SYNTHETIC/05724.csv,78.96488094961653,0.7470894666996621,46.97779148291687,0,0.311445982895033,0.1261223073879869,31.52101381976068
data/SYNTHETIC/05201.csv,82.01503148759677,4.271001884433236,46.50402960316354,0,0.8492565992118016,0.2806370006143266,34.73258505274843
data/SYNTHETIC/05784.csv,82.02397605586222,5.168342901258275,45.61563315460395,0,0.6043189268157076,0.3461919374545736,36.10367964684517
data/SYNTHETIC/05926.csv,77.7926552717096,1.206725254215267,45.34593001749434,0,0.1579103870570709,0.1632640943572728,33.774475627000896
data/SYNTHETIC/05838.csv,80.76026371243957,4.425657113857376,45.09460659858219,0,1.006457944197443,0.2725883542655616,36.3431623750643
data/SYNTHETIC/05114.csv,81.74088589103259,5.551586177985309,44.94929971304728,0,1.0742319878788695,0.3342797154427779,34.63669294783178
data/SYNTHETIC/05894.csv,106.8444558425352,30.666098134377457,44.93835770815774,0,2.8650417659307545,0.7042304499302401,31.264066212074887
data/SYNTHETIC/05112.csv,78.58510868036109,3.094375220301304,44.250733460059784,0,0.3149053387586829,0.2528111050831493,36.57699765630871
data/SYNTHETIC/05527.csv,96.05951023478006,21.05966168072681,43.75984855405326,0,1.8187444287124683,0.5696019503099712,30.085742511832382
data/SYNTHETIC/05511.csv,76.79924676670167,2.9627913661376377,42.59645540056403,0,0.8958095566927996,0.2347849985311385,38.22505431682348
data/SYNTHETIC/05730.csv,84.52435596118599,11.330494806698542,41.95386115448745,0,0.8826797329626623,0.4644697421044004,31.87275148850058
data/SYNTHETIC/05573.csv,100.3765180721081,27.2300413409848,41.9064767311233,0,2.7879579282745017,0.5957361785469409,9.511930931074442
data/SYNTHETIC/05753.csv,77.38275623482599,4.631623339764229,41.51113289506176,0,1.7736194362161088,0.272960883879501,29.739989402104573
data/SYNTHETIC/05932.csv,127.5505250625379,54.92282082312006,41.38770423941784,0,1.687274384570305,1.0088840548513305,26.99069410942296
data/SYNTHETIC/05264.csv,75.31768729099917,2.883645495588511,41.19404179541066,0,0.9486910735427008,0.2227690317286362,37.51638272577188
data/SYNTHETIC/05767.csv,89.81554070981579,17.610787981871244,40.96475272794455,0,1.4802969099743364,0.5529836254141068,31.91403555985588
data/SYNTHETIC/05036.csv,101.90570136190348,29.97636996461948,40.68933139728401,0,1.263890358535194,0.7770295872481625,32.0264989508313
data/SYNTHETIC/05786.csv,88.64373765206366,17.356687436787436,40.04705021527623,0,2.3256581054280128,0.5233782962715084,34.773612736976915
data/SYNTHETIC/05141.csv,72.062430629886,0.8362127542786113,39.98621787560739,0,0.2253877725840253,0.1288856025329692,30.60868870722552
data/SYNTHETIC/05845.csv,74.27162008996665,3.340169509863587,39.69145058010306,0,0.850990946498973,0.2610604452599688,32.23473777246604
data/SYNTHETIC/05133.csv,78.61746463073604,7.976763602343476,39.40070102839256,0,0.8931083186037767,0.3611191659947654,32.51024127394793
data/SYNTHETIC/05555.csv,118.4993083738882,47.89750275018641,39.361805623701784,0,2.485984752859539,0.8742389152924916,28.084819993561485
data/SYNTHETIC/05323.csv,95.6850135837391,25.552914262451655,38.89209932128745,0,2.522672256471625,0.6073217468018344,11.966549637072887
data/SYNTHETIC/05739.csv,74.97787810691912,4.943539426900347,38.794338680018775,0,0.6156850568000579,0.296507533422675,33.6897184608713
data/SYNTHETIC/05750.csv,71.03608009141821,1.6435952616883998,38.152484829729815,0,0.2454172901550086,0.1776191597835132,29.82662106872314
data/SYNTHETIC/05923.csv,72.69101036874062,3.3226992664239687,38.12831110231665,0,0.579426593500902,0.242772819359287,29.832593249537823
data/SYNTHETIC/05095.csv,71.27111857489584,2.017359845370767,38.01375872952507,0,0.3136726650610721,0.1942309234291748,29.72519232484957
data/SYNTHETIC/05056.csv,72.67174109362549,3.46335460022676,37.968386493398725,0,1.3366525134725364,0.2270979114074013,32.45694526765695
data/SYNTHETIC/05055.csv,97.77626432833048,28.598117357230784,37.9381469710997,0,3.343322949802176,0.5742826615085864,15.62992904583737
data/SYNTHETIC/05185.csv,71.787263354676,2.8970852925590536,37.65017806211695,0,0.8574677971039014,0.2194116189651118,33.516128398141745
data/SYNTHETIC/05109.csv,73.64845424862456,4.76440508903428,37.64404915959028,0,1.454128652942677,0.2686962370484058,35.00606337240668
data/SYNTHETIC/05748.csv,92.47146035414092,23.944315803217474,37.28714455092344,1,2.763736274386741,0.5504166627972945,7.197682416101254
data/SYNTHETIC/05486.csv,70.14946960626045,1.650661587195556,37.2588080190649,0,0.8112700708551898,0.1622292304145851,32.48243250950157
data/SYNTHETIC/05434.csv,70.56524398809671,2.4060848091951783,36.91915917890154,0,0.5200085195024055,0.2442698701032026,33.62391949712741
data/SYNTHETIC/05325.csv,72.60369239752643,4.456100221175673,36.90759217635076,0,0.4486538365319041,0.2859351661360977,31.67570714199639
data/SYNTHETIC/05745.csv,88.23489874245163,20.10099786299777,36.89390087945387,0,1.0478317054783577,0.571302246726181,29.99950547025548
data/SYNTHETIC/05960.csv,76.23612846151273,8.409887141208863,36.58624132030387,0,0.8204540804198678,0.3643993390357677,32.46660833864578
data/SYNTHETIC/05074.csv,69.5777692118611,2.0971049081772484,36.24066430368385,0,0.2578405392998965,0.1941074076923802,31.664206411340647
data/SYNTHETIC/05628.csv,70.20352053005519,2.851358723549569,36.11216180650562,0,0.9276030571530168,0.2451396262555494,33.591241505377575
data/SYNTHETIC/05680.csv,67.26400464460238,0.3420491682246831,35.681955476377695,0,0.0813582293188477,0.1019221010523061,34.68236225979482
data/SYNTHETIC/05062.csv,69.58387817304788,2.728148453676851,35.61572971937103,0,0.2330215581401224,0.2293081780675722,32.237489723200504
data/SYNTHETIC/05384.csv,70.24984974697597,3.547880267604904,35.461969479371064,0,0.4522293663370022,0.2560302392818345,32.96896079110867
data/SYNTHETIC/05620.csv,69.04436002360711,2.4345981404517856,35.36976188315533,0,0.2063414451937789,0.231348120074375,30.716996757746347
data/SYNTHETIC/05596.csv,73.48240398629369,7.002591816568916,35.23981216972477,0,0.8174623321727579,0.3326675695547099,28.93873843589257
data/SYNTHETIC/05966.csv,99.39522964784804,33.0324165145881,35.12281313325994,0,1.626825376862028,0.7251938654392978,10.99611105253486
data/SYNTHETIC/05913.csv,123.24139556236533,57.25811022932345,34.74328533304188,0,2.027979590961293,1.114164625301797,26.064810786996365
data/SYNTHETIC/05259.csv,70.23111875271144,4.3686363283382885,34.62248242437315,0,0.2636537538537915,0.2911408789412557,38.52886655109193
data/SYNTHETIC/05118.csv,70.69754910052212,4.85305432033593,34.604494780186194,0,0.5392917533954559,0.2957115626437211,34.756599171899744
data/SYNTHETIC/05626.csv,67.6743021072088,1.8315834733426808,34.602718633866125,0,0.7987548897492605,0.1805887291141695,32.81062108649112
data/SYNTHETIC/05901.csv,67.80943552487886,2.0978339714542558,34.47160155342461,0,0.8041601652624689,0.2083038612919496,29.0299658534629
data/SYNTHETIC/05274.csv,71.09887163540597,5.424393699982264,34.43447793542371,0,0.7825850565947321,0.3499198476004647,32.54957605070028
data/SYNTHETIC/05403.csv,69.46009733722654,3.936871734190592,34.28322560303595,0,1.3996188833282623,0.2469350470744779,33.75127941378992
data/SYNTHETIC/05240.csv,67.35162093845645,1.9336679224389133,34.17795301601754,0,0.2150361736503308,0.1887880730352058,32.710967795766784
data/SYNTHETIC/05972.csv,68.16465292592105,2.8092774955086237,34.11537543041243,0,0.226041383939842,0.2741689159890943,31.19604625927643
data/SYNTHETIC/05804.csv,97.86248639443296,32.541576397788226,34.080909996644735,0,2.865748670758251,0.6562358364284024,6.371705583968058
data/SYNTHETIC/05130.csv,68.61091674679236,3.526481970891131,33.84443477590123,0,1.0366167678890406,0.2243714347040096,32.62227993101632
data/SYNTHETIC/05043.csv,70.01246646584895,4.940796176401779,33.83167028944717,0,1.1389168012556676,0.291436344178496,32.51986023371196
data/SYNTHETIC/05152.csv,67.67579506199004,2.986623424716625,33.44917163727342,0,1.0791765433471578,0.2180804581583702,33.68841389909479
data/SYNTHETIC/05234.csv,69.77052922746932,5.116918284096042,33.413610943373286,0,1.001671957726233,0.3330584690066953,34.78967669281038
data/SYNTHETIC/05065.csv,95.44915644075186,31.187325723535334,33.02183071721653,0,2.803517367987826,0.6437507049803061,30.457236601001103
data/SYNTHETIC/05592.csv,66.60294991046469,2.426895700812644,32.93605420965204,0,0.6865191082474974,0.2079341118257846,31.95212662745509
data/SYNTHETIC/05394.csv,66.01043296684233,2.042708539238867,32.72772442760346,0,0.4816203129824413,0.2064944687042659,33.6619857207425
data/SYNTHETIC/05100.csv,68.79376579488824,4.997399985053041,32.55636580983521,0,1.5748855037081733,0.2906028754349428,32.058303119029546
data/SYNTHETIC/05052.csv,69.79342573334574,6.02805009076896,32.52537564257678,0,1.374431251622082,0.3332590731745963,33.29427884704829
data/SYNTHETIC/05197.csv,66.13241417430635,2.6114230819167314,32.28099109238962,0,0.5408767811858065,0.2316598076404994,33.56088642285966
data/SYNTHETIC/05424.csv,64.50131994109225,1.2694629585782276,31.991856982514022,0,0.3082500088435515,0.165474338427869,36.31879154510344
data/SYNTHETIC/05212.csv,67.85002514774494,4.821200150055948,31.788824997688998,0,1.6377477263272169,0.2855289198868659,34.16026867810759
data/SYNTHETIC/05383.csv,65.81502466230276,3.028336983849785,31.546687678452976,0,0.8425478731247684,0.2171613706435246,34.01580352537109
data/SYNTHETIC/05140.csv,79.25969354158241,16.897857150007066,31.121836391575343,0,2.141039327601584,0.5066483200683343,33.88579113349204
data/SYNTHETIC/05737.csv,64.47243419407074,2.241340887911868,30.991093306158874,0,0.1704355532558696,0.2185336931865206,29.7438434102347
data/SYNTHETIC/05893.csv,66.33380531602423,4.227615671931162,30.866189644093062,0,0.538915532870981,0.2911551116140809,29.660181619550205
data/SYNTHETIC/05574.csv,68.13698420819259,6.043259344099587,30.853724864093003,0,1.3559444279986907,0.300711368474314,30.350170052972206
data/SYNTHETIC/05194.csv,75.49134438311206,13.53306918280112,30.71827520031095,0,1.7515268715964314,0.5027371076724054,33.90014532830125
data/SYNTHETIC/05758.csv,64.08980790379138,2.250613105833957,30.599194797957423,0,0.4978810833845795,0.2040342403376661,34.221006255725136
data/SYNTHETIC/05182.csv,72.31333745005996,10.692008165530236,30.381329284529727,0,1.6569014440041034,0.4417910943511651,28.87373557967011
data/SYNTHETIC/05948.csv,72.73025094083378,11.22449875924015,30.265752181593633,0,1.7166495127066337,0.480867315660006,32.246078936934566
data/SYNTHETIC/05512.csv,63.07599760378128,1.5882651906670764,30.247732413114207,0,0.1617215912341251,0.1765035733426019,32.441450999902266
data/SYNTHETIC/05489.csv,68.59111862939632,7.222710549270674,30.128408080125645,0,0.8871293203098236,0.3567765795741725,35.52733711294244
data/SYNTHETIC/05915.csv,82.64370120429741,21.451533074186926,29.952168130110493,0,1.8751681119578376,0.5844218372018929,28.917849031586734
data/SYNTHETIC/05615.csv,68.13449203948852,7.227621422745688,29.666870616742834,0,0.6930546440755581,0.3635750700084336,28.959348389361317
data/SYNTHETIC/05816.csv,72.99747483020789,12.17024608427543,29.587228745932464,0,1.101025262293294,0.4508826558786604,28.88849631221707
data/SYNTHETIC/05078.csv,86.24045646353389,25.416336931402192,29.584119532131695,1,2.007557006826404,0.6179399137064013,18.909572682782656
data/SYNTHETIC/05241.csv,73.13800385358762,12.31808134276907,29.579922510818548,19,2.117680527124449,0.4134939538292498,20.25927790547922
data/SYNTHETIC/05694.csv,64.44933632999575,3.697790613111701,29.511545716884044,0,0.9636634430176936,0.263320443282895,33.91771816797475
data/SYNTHETIC/05858.csv,71.52597277837538,10.874295239434211,29.411677538941163,2,1.2821943850621471,0.4205081696021807,28.14133341456748
data/SYNTHETIC/05673.csv,63.29068479451146,2.671276800687048,29.379407993824415,0,0.8977694194203215,0.2079018398728206,35.116316872059635
data/SYNTHETIC/05993.csv,94.99810927975108,34.48061191013539,29.277497369615688,0,2.5826160623912835,0.7453552515861579,23.676062679129505
data/SYNTHETIC/05674.csv,61.18202511120778,0.6778061385478932,29.264218972659886,0,0.124805227543965,0.1182533511719688,32.84416333763385
data/SYNTHETIC/05329.csv,66.03738722690397,5.573901384647717,29.22348584225626,0,0.4187218560484607,0.3315405829054622,33.85220645433605
data/SYNTHETIC/05153.csv,67.66172872655048,7.265892188542965,29.155836538007513,0,1.134029448942615,0.359726144250843,34.65341500685371
data/SYNTHETIC/05575.csv,61.59170636309148,1.5857486967814154,28.765957666310065,0,0.3190140017125619,0.185857419134974,29.71264677910949
data/SYNTHETIC/05990.csv,62.27582738959248,2.309094444834345,28.726732944758133,0,0.4390622747503006,0.228179806796692,32.849749927369906
data/SYNTHETIC/05751.csv,120.97984498261386,61.02283329158486,28.717011691029,0,3.2803884659723432,1.0174809765814607,20.57998775083769
data/SYNTHETIC/05918.csv,63.65005166487828,3.792114141624461,28.617937523253822,0,0.798549801165126,0.2590733844287805,31.97679403436849
data/SYNTHETIC/05727.csv,60.80772979209341,1.0881558901643067,28.479573901929108,0,0.1667775070037441,0.1404684489175836,33.28854873965549
data/SYNTHETIC/05515.csv,62.75386891161848,3.0464462942993533,28.46742261731913,0,0.5823681042957184,0.2324707225432759,30.495870906090826
data/SYNTHETIC/05588.csv,61.925668617281815,2.378410246423788,28.30725837085803,0,0.4107562722027854,0.2081819335956414,31.367926978728917
data/SYNTHETIC/05643.csv,63.76659335612126,4.533426263930013,27.99316709219125,0,0.9159024779552544,0.2846073212473004,32.79052719809827
data/SYNTHETIC/05709.csv,63.43942216743109,4.244667547676596,27.954754619754496,0,0.5830228522927773,0.2865333165895779,35.20416833174365
data/SYNTHETIC/05278.csv,60.786664512513,1.782511873019612,27.76415263949339,0,0.2186588148549304,0.1949812452811782,30.65002211446249
data/SYNTHETIC/05220.csv,60.715150903816166,1.7536119733270537,27.721538930489118,0,0.3230512131254742,0.187736971697915,28.057349883508312
data/SYNTHETIC/05655.csv,61.49043287221527,2.6821139488564425,27.56831892335883,0,0.8049365921345163,0.2365224675911624,33.15299115051465
data/SYNTHETIC/05725.csv,65.43799992445472,6.672574881649437,27.52542504280528,0,0.709020230491637,0.3492319880773132,33.6317402036919
data/SYNTHETIC/05245.csv,60.256978589010274,1.5174182329642498,27.499560356046025,0,0.6364348778952934,0.1716492588998474,30.312485194560445
data/SYNTHETIC/05715.csv,59.51009570240083,0.896547451560685,27.37354825084015,0,0.1547214017085458,0.127215213714446,30.641085136803184
data/SYNTHETIC/05307.csv,60.36242483676866,1.819036401433096,27.303388435335563,0,0.2239903600850482,0.18948302993269,31.67041150531953
data/SYNTHETIC/05171.csv,62.416375422872505,3.87777009663904,27.29860532623347,0,1.0751338415537282,0.2362366603228957,33.36413920900187
data/SYNTHETIC/05019.csv,59.29763146137178,0.8169788124074342,27.24065264896435,0,0.1380476205412874,0.141992057255286,35.44593724466743
data/SYNTHETIC/05586.csv,79.59890456001673,21.27716569822901,27.081738861787727,0,2.8867619107688705,0.6362238387288559,31.644305941094903
data/SYNTHETIC/05386.csv,60.43859453771096,2.1519089538548086,27.046685583856153,0,0.7367699798709917,0.1953260087089217,32.24385473821533
data/SYNTHETIC/05340.csv,72.55002997923822,14.268283490971813,27.041746488266405,0,2.3078915026040057,0.5012901147581802,32.20737958351376
data/SYNTHETIC/05165.csv,62.50906371453765,4.251286790802299,27.017776923735354,0,0.6931984862321007,0.2730355121904345,34.69598037748237
data/SYNTHETIC/05003.csv,59.28406717173651,1.0464519210711647,26.997615250665348,0,0.4328256350744912,0.1381974882515004,32.38006780084554
data/SYNTHETIC/05257.csv,60.15123702563264,1.9470227014222576,26.96421432421038,0,0.2534249536631114,0.2083469577661752,32.44674189280624
data/SYNTHETIC/05682.csv,64.46395445541071,6.319418293481253,26.904536161929464,0,1.0527242164804052,0.3834477889569561,34.6863973942014
data/SYNTHETIC/05537.csv,63.83530024611719,5.878803270878036,26.71649697523916,0,0.7009008958237252,0.3294493083570869,33.40778201965655
data/SYNTHETIC/05172.csv,65.98282250392111,8.139030778798494,26.60379172512262,0,0.5499151287687496,0.3931397186806998,28.793519776218
data/SYNTHETIC/05773.csv,69.87056276252467,12.03221716119402,26.59834560133065,0,1.706293174616793,0.4254960224591387,32.36740373056406
data/SYNTHETIC/05300.csv,60.37172765071098,2.5371786821623545,26.59454896854863,0,0.6745147935776605,0.2034768172815634,34.60051344930084
data/SYNTHETIC/05473.csv,63.52466793708019,5.696182392565715,26.588485544514477,0,1.031603910797052,0.3277599854589443,26.823203382382182
data/SYNTHETIC/05907.csv,63.49922359707152,5.992937387350961,26.266286209720562,0,1.185254210022208,0.3346578718237767,33.694125130454765
data/SYNTHETIC/05924.csv,60.11422131728111,2.617771497606205,26.256449819674906,0,0.4316815730648204,0.2185620312449599,36.43890180988311
data/SYNTHETIC/05388.csv,72.58494486804406,15.139684262252649,26.205260605791416,0,2.044487151834771,0.5299796984826524,16.551191141080963
data/SYNTHETIC/05557.csv,70.86739796566116,13.715316270199198,25.912081695461957,0,1.1102353183025002,0.4738630942154924,31.019709614114166
data/SYNTHETIC/05699.csv,60.82079454657415,3.808653075911411,25.77214147066274,0,0.4671836965976031,0.2872400698154774,28.882106150203835
data/SYNTHETIC/05374.csv,61.68738951801237,4.761006162770307,25.686383355242064,0,0.7617214910165644,0.2900582934941074,32.02074774972129
data/SYNTHETIC/05431.csv,65.69791013081013,8.784866788612213,25.673043342197914,0,0.8465275604053971,0.430160327092653,29.213847788297425
data/SYNTHETIC/05198.csv,69.22172652210236,12.421241908777034,25.56048461332533,0,1.842643746880677,0.4511048976351706,31.008695919393716
data/SYNTHETIC/05173.csv,95.98014263275236,39.28141283913597,25.4587297936164,0,1.5772199946543262,0.818963617632588,27.3406946984752
data/SYNTHETIC/05911.csv,58.13833583942488,1.477364720294703,25.42097111913018,0,0.288661411127704,0.1627136622910022,32.604120572254544
data/SYNTHETIC/05584.csv,59.69966341554522,3.3888498428274896,25.070813572717732,0,0.2564825870210132,0.2432162142243602,34.186502504335856
data/SYNTHETIC/05168.csv,75.01317919180843,18.746638266894,25.026540924914435,0,1.0504436089942073,0.5476348563849108,33.17291652787111
data/SYNTHETIC/05695.csv,57.14406537250901,0.9425185371517651,24.961546835357247,0,0.3232664590709729,0.1468841718738382,29.872416284895657
data/SYNTHETIC/05746.csv,67.82051325201572,11.81521163401564,24.76530161800008,0,1.1441964562025209,0.4563718029186709,30.6221855049573
data/SYNTHETIC/05102.csv,63.15458615024522,7.214032230391176,24.700553919854045,0,0.9883453164432184,0.3609425730782974,33.408634750763056
data/SYNTHETIC/05471.csv,81.04891436906487,25.217741976166973,24.591172392897903,0,0.8138897168626239,0.7226296108329023,33.78090763550683
data/SYNTHETIC/05528.csv,56.78462821785521,0.9578773969650252,24.58675082089018,0,0.1134507543819089,0.1667395836632781,32.610132056583886
data/SYNTHETIC/05057.csv,56.503647582466186,0.813486397228911,24.450161185237278,0,0.1319005345252749,0.1326045438308732,27.99175886673756
data/SYNTHETIC/05167.csv,58.11669098641127,2.532785714264196,24.343905272147076,0,0.2486626204248055,0.2221273983051578,30.602036175620263
data/SYNTHETIC/05598.csv,61.51026854383304,6.077690840711499,24.192577703121543,0,1.3574249098402016,0.3270834594379856,30.64315819346981
data/SYNTHETIC/05316.csv,66.71617130157803,11.302046108202187,24.174125193375843,0,1.4570206447047969,0.4826331997143786,27.70587374926885
data/SYNTHETIC/05370.csv,116.2472852229104,61.03528368702035,23.972001535890058,1,3.3838454908345024,0.9194203979434006,18.22041541221047
data/SYNTHETIC/05131.csv,56.24197307579984,1.3041296353681675,23.697843440431676,0,0.4411083979935215,0.1529156562373894,32.49240214105468
data/SYNTHETIC/05744.csv,71.48523123090244,16.637552762527296,23.60767846837515,1,1.8656674367160784,0.4988840614532743,9.581746205761466
data/SYNTHETIC/05456.csv,61.08407261402152,6.2435248740582505,23.600547739963275,0,0.9198519322307402,0.320682577074448,31.73269100402531
data/SYNTHETIC/05273.csv,75.51125368654307,20.829692750689567,23.441560935853502,0,0.871828910982362,0.6673050132752859,30.860226647494382
data/SYNTHETIC/05582.csv,60.03844525183342,5.446926119202333,23.35151913263109,0,1.306343661485992,0.2869426875416941,28.866493407651426
data/SYNTHETIC/05004.csv,61.31765618778046,6.7753690518580605,23.3022871359224,0,1.9235272176645588,0.3202373798519868,31.808382216033607
data/SYNTHETIC/05651.csv,55.95922783870223,1.445297118610169,23.273930720092068,0,0.4475768955969356,0.1652878339963578,30.97554168498416
data/SYNTHETIC/05720.csv,56.99757062126015,2.497776660170885,23.259793961089272,0,0.837777294180001,0.211490221128549,28.37489599424251
data/SYNTHETIC/05906.csv,62.00201579403135,7.609109191369362,23.152906602661993,0,0.7223253743696765,0.4424854282683272,34.21393883382065
data/SYNTHETIC/05513.csv,59.174587533861725,4.8159138992752375,23.118673634586486,0,0.4806407862470879,0.3578807782648905,34.600296459129986
data/SYNTHETIC/05149.csv,55.238440551933806,0.9263029474656664,23.07213760446814,0,0.900011237876595,0.1301160094874056,28.067257638518704
data/SYNTHETIC/05267.csv,62.977749434969496,8.692551086164862,23.045198348804632,0,1.4114404318071712,0.3778766652752258,31.36879463089949
data/SYNTHETIC/05806.csv,56.50760000381261,2.316460136177673,22.951139867634943,0,0.3256514057510566,0.2156946182983891,33.66383788821767
data/SYNTHETIC/05967.csv,56.73145557423823,2.541663758729489,22.949791815508746,0,0.4195951112814103,0.2321355320746677,33.36967360899602
data/SYNTHETIC/05732.csv,57.57983720614844,3.422661857557168,22.91717534859127,0,0.951577757300786,0.2548196355131767,30.024780670974405
data/SYNTHETIC/05040.csv,56.52926693815193,2.374998300768435,22.914268637383493,1,0.2747579666498539,0.2031782760388476,13.915536809682871
data/SYNTHETIC/05462.csv,56.41094331278079,2.283640742913026,22.887302569867764,0,0.6569199300529515,0.1969728997678023,26.19674904882716
data/SYNTHETIC/05690.csv,55.82657984720756,1.7105453202916487,22.876034526915916,0,0.4517647873756432,0.1732078379035527,31.849938200862397
data/SYNTHETIC/05963.csv,58.28219117714981,4.225028452853546,22.817162724296267,0,0.8285814592825844,0.2743631444060988,30.32118607531267
data/SYNTHETIC/05938.csv,56.66747638863829,2.817991186041948,22.609485202596346,0,0.4655866602338891,0.2370251843776691,32.59275234134673
data/SYNTHETIC/05076.csv,54.89920004783422,1.2098758857661185,22.449324162068102,0,0.3519309955904674,0.1473657690587711,33.53060270429203
data/SYNTHETIC/05639.csv,55.031807926944985,1.4580164304800918,22.333791496464897,0,0.1798474771770654,0.1740477967162619,31.057982331336525
data/SYNTHETIC/05309.csv,83.32373703863868,29.800945439838213,22.282791598800472,0,2.1932434370151195,0.6950172312628086,28.49758977255908
data/SYNTHETIC/05465.csv,75.52229962606643,22.08705555122566,22.195244074840772,0,2.091035138189365,0.5875594652185306,29.268652399355275
data/SYNTHETIC/05688.csv,59.440154296196944,6.0127352396721925,22.187419056524753,0,1.4058632299070313,0.2815091859135505,11.371435724770176
data/SYNTHETIC/05554.csv,55.76431572529936,2.3448648475507654,22.1794508777486,0,0.5214599172030361,0.1983748354659396,33.25799832902502
data/SYNTHETIC/05895.csv,60.8588081134519,7.481433850800552,22.13737426265135,1,0.9431689232760014,0.3828260041735205,13.903536645725294
data/SYNTHETIC/05987.csv,68.06420231372154,14.705840051090831,22.11836226263071,0,1.7429248495873564,0.4610245897506018,33.45199079270953
data/SYNTHETIC/05817.csv,55.24580088973137,1.9424925808838616,22.06330830884751,0,0.7806894076743586,0.1957628164859995,31.175924213976504
data/SYNTHETIC/05177.csv,58.03470321507969,4.891450240026838,21.90325297505285,0,1.0470495333653724,0.2835233897339999,34.39623326534136
data/SYNTHETIC/05785.csv,54.7773475299846,1.643886617594842,21.893460912389763,0,1.225272930254342,0.1662103474805916,31.10783095322175
data/SYNTHETIC/05314.csv,55.9975276798908,2.904842785767332,21.85268489412347,0,0.2243985986903975,0.242536509567253,34.59797396839445
data/SYNTHETIC/05973.csv,60.41292771056611,7.334199223288966,21.838728487277145,0,1.2984595636191834,0.3943916090410865,31.77135186450844
data/SYNTHETIC/05661.csv,56.29648269805288,3.267494975840169,21.78898772221271,0,0.2449040073599933,0.2389841493932004,32.78860814053449
data/SYNTHETIC/05327.csv,55.70683397770976,2.8688556502968754,21.59797832741289,0,0.5183658779772985,0.2290096254431335,32.30673405786939
data/SYNTHETIC/05441.csv,57.99440264094039,5.20635953767512,21.54804310326527,0,0.7250782475077456,0.3194922512228323,28.994343909975004
data/SYNTHETIC/05807.csv,54.32812169477842,1.549847034384644,21.538274660393775,0,0.9127342793163848,0.1634472905816514,24.865483658098302
data/SYNTHETIC/05395.csv,56.49423861680546,3.73165681584668,21.522581800958783,0,0.2321274224910657,0.2758212499157827,32.06380961986894
data/SYNTHETIC/05535.csv,54.13741767649249,1.4194000268317732,21.47801764966072,0,0.2032791678241135,0.1650140403601765,32.74556275361073
data/SYNTHETIC/05712.csv,61.31083962000852,8.60052855951679,21.47031106049173,0,1.6624620483555044,0.3685148839023702,30.41565448839004
data/SYNTHETIC/05305.csv,55.43722964680083,2.735788465220519,21.461441181580312,0,0.8081904136980341,0.2333455138546971,33.71369882547548
data/SYNTHETIC/05851.csv,64.43790064052426,11.75474741155983,21.443153228964434,0,1.899495585708557,0.4415005213620919,30.457561294850503
data/SYNTHETIC/05178.csv,69.64729729422783,16.976059158926144,21.431238135301683,0,1.942650891192029,0.4777635854779903,31.631959801319
data/SYNTHETIC/05147.csv,97.67464255229648,45.011102876738825,21.42353967555765,0,2.6120086411527583,0.9300202931102368,26.6119230711641
data/SYNTHETIC/05320.csv,60.59432476364627,7.992007919890618,21.36231684375565,0,1.415410692874426,0.3742241250476675,26.62168156821148
data/SYNTHETIC/05705.csv,54.26510221101785,1.685670058742858,21.339432152274988,0,0.6497819722186969,0.1703111107463639,30.24640562964048
data/SYNTHETIC/05458.csv,54.208907239795,1.638368765787612,21.33053847400739,0,0.2954769737663177,0.1705076023605106,34.37191577190499
data/SYNTHETIC/05214.csv,56.35926628801192,3.8810755906723657,21.23819069733956,0,0.5004746641484961,0.2584032748377534,31.34493745835788
data/SYNTHETIC/05522.csv,53.41607906146109,0.997826725502894,21.1782523359582,0,0.3440287733046832,0.1401988572796965,33.0642337028533
data/SYNTHETIC/05372.csv,58.74830474896894,6.450223228116025,21.058081520852916,0,0.8249842429683163,0.3714904239153805,32.05596990518176
data/SYNTHETIC/05836.csv,53.03016119481204,0.8690873392329614,20.92107385557908,0,0.1411325225414681,0.1248036546924247,30.170225621977103
data/SYNTHETIC/05318.csv,55.54501091625292,3.489227095273807,20.815783820979114,0,1.050681956868616,0.264911404592128,31.87123504204536
data/SYNTHETIC/05303.csv,53.54239533329105,1.5409482556824363,20.761447077608615,0,0.5292060608426891,0.1665648137808344,33.316593964449055
data/SYNTHETIC/05685.csv,61.25819716115887,9.303206596680369,20.714990564478505,0,1.9708641057076528,0.3699005819068516,32.51308255672311
data/SYNTHETIC/05552.csv,54.10146067152978,2.194402183836981,20.6670584876928,0,0.2364954666321309,0.2015027647144384,34.66792536835504
