t,vEgo,aEgo,roll,targetLateralAcceleration,steerCommand
0,1,0,0,0,0
0.1,1,0,0,0,0
0.2,1,0,0,0,0
0.3,1,0,0,0,0
0.4,1,0,0,0,0
0.5,1,0,0,0,0
0.6,1,0,0,0,0
0.7,1,0,0,0,0
0.8,1,0,0,0,0
0.9,1,0,0,0,0
1,1,0,0,0,0
1.1,1,0,0,0,0
1.2,1,0,0,0,0
1.3,1,0,0,0,0
1.4,1,0,0,0,0
1.5,1,0,0,0,0
1.6,1,0,0,0,0
1.7,1,0,0,0,0
1.8,1,0,0,0,0
1.9,1,0,0,0,0
2,1,0,0,0,0
2.1,1,0,0,0,0
2.199999999,1,0,0,0,0
2.299999999,1,0,0,0,0
2.399999999,1,0,0,0,0
2.499999999,1,0,0,0,0
2.599999999,1,0,0,0,0
2.699999999,1,0,0,0,0
2.799999999,1,0,0,0,0
2.899999999,1,0,0,0,0
2.999999999,1,0,0,0,0
3.099999999,1,0,0,0,0
3.199999999,1,0,0,0,0
3.299999999,1,0,0,0,0
3.399999999,1,0,0,0,0
3.499999999,1,0,0,0,0
3.599999999,1,0,0,0,0
3.699999999,1,0,0,0,0
3.799999999,1,0,0,0,0
3.899999999,1,0,0,0,0
3.999999999,1,0,0,0,0
4.099999999,1,0,0,0,0
4.199999999,1,0,0,0,0
4.299999999,1,0,0,0,0
4.399999999,1,0,0,0,0
4.499999999,1,0,0,0,0
4.599999999,1,0,0,0,0
4.699999999,1,0,0,0,0
4.799999999,1,0,0,0,0
4.899999999,1,0,0,0,0
4.999999999,1,0,0,0,0
5.099999999,1,0,0,0,0
5.199999999,1,0,0,0,0
5.299999999,1,0,0,0,0
5.399999999,1,0,0,0,0
5.499999999,1,0,0,0,0
5.599999999,1,0,0,0,0
5.699999999,1,0,0,0,0
5.799999999,1,0,0,0,0
5.899999999,1,0,0,0,0
5.999999999,1,0,0,0,0
6.099999999,1,0,0,0,0
6.199999999,1,0,0,0,0
6.299999999,1,0,0,0,0
6.399999999,1,0,0,0,0
6.499999998,1,0,0,0,0
6.599999998,1,0,0,0,0
6.699999998,1,0,0,0,0
6.799999998,1,0,0,0,0
6.899999998,1,0,0,0,0
6.999999998,1,0,0,0,0
7.099999998,1,0,0,0,0
7.199999998,1,0,0,0,0
7.299999998,1,0,0,0,0
7.399999998,1,0,0,0,0
7.499999998,1,0,0,0,0
7.599999998,1,0,0,0,0
7.699999998,1,0,0,0,0
7.799999998,1,0,0,0,0
7.899999998,1,0,0,0,0
7.999999998,1,0,0,0,0
8.099999998,1,0,0,0,0
8.199999998,1,0,0,0,0
8.299999998,1,0,0,0,0
8.399999998,1,0,0,0,0
8.499999998,1,0,0,0,0
8.599999998,1,0,0,0,0
8.699999998,1,0,0,0,0
8.799999998,1,0,0,0,0
8.899999998,1,0,0,0,0
8.999999998,1,0,0,0,0
9.099999998,1,0,0,0,0
9.199999998,1,0,0,0,0
9.299999998,1,0,0,0,0
9.399999998,1,0,0,0,0
9.499999998,1,0,0,0,0
9.599999998,1,0,0,0,0
9.699999998,1,0,0,0,0
9.799999998,1,0,0,0,0
9.899999998,1,0,0,0,0
9.999999998,1,0,0,0,
10.1,1,0,0,0,
10.2,1,0,0,0,
10.3,1,0,0,0,
10.4,1,0,0,0,
10.5,1,0,0,0,
10.6,1,0,0,0,
10.7,1,0,0,0,
10.8,1,0,0,0,
10.9,1,0,0,0,
11,1,0,0,0,
11.1,1,0,0,0,
11.2,1,0,0,0,
11.3,1,0,0,0,
11.4,1,0,0,0,
11.5,1,0,0,0,
11.6,1,0,0,0,
11.7,1,0,0,0,
11.8,1,0,0,0,
11.9,1,0,0,0,
12,1,0,0,0,
12.1,1,0,0,0,
12.2,1,0,0,0,
12.3,1,0,0,0,
12.4,1,0,0,0,
12.5,1,0,0,0,
12.6,1,0,0,0,
12.7,1,0,0,0,
12.8,1,0,0,0,
12.9,1,0,0,0,
13,1,0,0,0,
13.1,1,0,0,0,
13.2,1,0,0,0,
13.3,1,0,0,0,
13.4,1,0,0,0,
13.5,1,0,0,0,
13.6,1,0,0,0,
13.7,1,0,0,0,
13.8,1,0,0,0,
13.9,1,0,0,0,
14,1,0,0,0,
14.1,1,0,0,0,
14.2,1,0,0,0,
14.3,1,0,0,0,
14.4,1,0,0,0,
14.5,1,0,0,0,
14.6,1,0,0,0,
14.7,1,0,0,0,
14.8,1,0,0,0,
14.9,1,0,0,0,
15,1,0,0,0,
15.1,1,0,0,0,
15.2,1,0,0,0,
15.3,1,0,0,0,
15.4,1,0,0,0,
15.5,1,0,0,0,
15.6,1,0,0,0,
15.7,1,0,0,0,
15.8,1,0,0,0,
15.9,1,0,0,0,
16,1,0,0,0,
16.1,1,0,0,0,
16.2,1,0,0,0,
16.3,1,0,0,0,
16.4,1,0,0,0,
16.5,1,0,0,0,
16.6,1,0,0,0,
16.7,1,0,0,0,
16.8,1,0,0,0,
16.9,1,0,0,0,
17,1,0,0,0,
17.1,1,0,0,0,
17.2,1,0,0,0,
17.3,1,0,0,0,
17.4,1,0,0,0,
17.5,1,0,0,0,
17.6,1,0,0,0,
17.7,1,0,0,0,
17.8,1,0,0,0,
17.9,1,0,0,0,
18,1,0,0,0,
18.1,1,0,0,0,
18.2,1,0,0,0,
18.3,1,0,0,0,
18.4,1,0,0,0,
18.5,1,0,0,0,
18.6,1,0,0,0,
18.7,1,0,0,0,
18.8,1,0,0,0,
18.9,1,0,0,0,
19,1,0,0,0,
19.1,1,0,0,0,
19.2,1,0,0,0,
19.3,1,0,0,0,
19.4,1,0,0,0,
19.5,1,0,0,0,
19.6,1,0,0,0,
19.7,1,0,0,0,
19.8,1,0,0,0,
19.9,1,0,0,0,
20,1,0,0,1,
20.1,1,0,0,1,
20.2,1,0,0,1,
20.3,1,0,0,1,
20.4,1,0,0,1,
20.5,1,0,0,1,
20.6,1,0,0,1,
20.7,1,0,0,1,
20.8,1,0,0,1,
20.9,1,0,0,1,
21,1,0,0,1,
21.1,1,0,0,1,
21.2,1,0,0,1,
21.3,1,0,0,1,
21.4,1,0,0,1,
21.49999999,1,0,0,1,
21.59999999,1,0,0,1,
21.69999999,1,0,0,1,
21.79999999,1,0,0,1,
21.89999999,1,0,0,1,
21.99999999,1,0,0,1,
22.09999999,1,0,0,1,
22.19999999,1,0,0,1,
22.29999999,1,0,0,1,
22.39999999,1,0,0,1,
22.49999999,1,0,0,1,
22.59999999,1,0,0,1,
22.69999999,1,0,0,1,
22.79999999,1,0,0,1,
22.89999999,1,0,0,1,
22.99999999,1,0,0,1,
23.09999999,1,0,0,1,
23.19999999,1,0,0,1,
23.29999999,1,0,0,1,
23.39999999,1,0,0,1,
23.49999999,1,0,0,1,
23.59999999,1,0,0,1,
23.69999999,1,0,0,1,
23.79999999,1,0,0,1,
23.89999999,1,0,0,1,
23.99999999,1,0,0,1,
24.09999999,1,0,0,1,
24.19999999,1,0,0,1,
24.29999999,1,0,0,1,
24.39999999,1,0,0,1,
24.49999999,1,0,0,1,
24.59999999,1,0,0,1,
24.69999999,1,0,0,1,
24.79999999,1,0,0,1,
24.89999999,1,0,0,1,
24.99999999,1,0,0,1,
25.09999999,1,0,0,1,
25.19999999,1,0,0,1,
25.29999999,1,0,0,1,
25.39999999,1,0,0,1,
25.49999999,1,0,0,1,
25.59999999,1,0,0,1,
25.69999999,1,0,0,1,
25.79999999,1,0,0,1,
25.89999999,1,0,0,1,
25.99999999,1,0,0,1,
26.09999999,1,0,0,1,
26.19999999,1,0,0,1,
26.29999999,1,0,0,1,
26.39999999,1,0,0,1,
26.49999999,1,0,0,1,
26.59999999,1,0,0,1,
26.69999999,1,0,0,1,
26.79999999,1,0,0,1,
26.89999999,1,0,0,1,
26.99999999,1,0,0,1,
27.09999999,1,0,0,1,
27.19999999,1,0,0,1,
27.29999999,1,0,0,1,
27.39999999,1,0,0,1,
27.49999999,1,0,0,1,
27.59999999,1,0,0,1,
27.69999999,1,0,0,1,
27.79999999,1,0,0,1,
27.89999999,1,0,0,1,
27.99999999,1,0,0,1,
28.09999999,1,0,0,1,
28.19999999,1,0,0,1,
28.29999999,1,0,0,1,
28.39999999,1,0,0,1,
28.49999999,1,0,0,1,
28.59999999,1,0,0,1,
28.69999999,1,0,0,1,
28.79999999,1,0,0,1,
28.89999999,1,0,0,1,
28.99999999,1,0,0,1,
29.09999999,1,0,0,1,
29.19999999,1,0,0,1,
29.29999999,1,0,0,1,
29.39999999,1,0,0,1,
29.49999999,1,0,0,1,
29.59999999,1,0,0,1,
29.69999999,1,0,0,1,
29.79999999,1,0,0,1,
29.89999999,1,0,0,1,
29.99999999,1,0,0,1,
30.09999999,1,0,0,1,
30.19999999,1,0,0,1,
30.29999999,1,0,0,1,
30.39999999,1,0,0,1,
30.49999999,1,0,0,1,
30.59999999,1,0,0,1,
30.69999999,1,0,0,1,
30.79999999,1,0,0,1,
30.89999999,1,0,0,1,
30.99999999,1,0,0,1,
31.09999999,1,0,0,1,
31.19999999,1,0,0,1,
31.29999999,1,0,0,1,
31.39999999,1,0,0,1,
31.49999999,1,0,0,1,
31.59999999,1,0,0,1,
31.69999999,1,0,0,1,
31.79999999,1,0,0,1,
31.89999999,1,0,0,1,
31.99999999,1,0,0,1,
32.09999999,1,0,0,1,
32.19999999,1,0,0,1,
32.29999999,1,0,0,1,
32.39999999,1,0,0,1,
32.49999999,1,0,0,1,
32.59999999,1,0,0,1,
32.69999999,1,0,0,1,
32.79999999,1,0,0,1,
32.89999999,1,0,0,1,
32.99999999,1,0,0,1,
33.09999999,1,0,0,1,
33.19999999,1,0,0,1,
33.29999999,1,0,0,1,
33.39999999,1,0,0,1,
33.49999999,1,0,0,1,
33.59999999,1,0,0,1,
33.69999999,1,0,0,1,
33.79999999,1,0,0,1,
33.89999999,1,0,0,1,
33.99999999,1,0,0,1,
34.09999999,1,0,0,1,
34.19999999,1,0,0,1,
34.29999999,1,0,0,1,
34.39999999,1,0,0,1,
34.49999999,1,0,0,1,
34.59999999,1,0,0,1,
34.69999999,1,0,0,1,
34.79999999,1,0,0,1,
34.89999999,1,0,0,1,
34.99999999,1,0,0,1,
35.09999999,1,0,0,1,
35.19999999,1,0,0,1,
35.29999999,1,0,0,1,
35.39999999,1,0,0,1,
35.49999999,1,0,0,1,
35.59999999,1,0,0,1,
35.69999999,1,0,0,1,
35.79999999,1,0,0,1,
35.89999999,1,0,0,1,
35.99999999,1,0,0,1,
36.09999999,1,0,0,1,
36.19999999,1,0,0,1,
36.29999999,1,0,0,1,
36.39999999,1,0,0,1,
36.49999999,1,0,0,1,
36.59999999,1,0,0,1,
36.69999999,1,0,0,1,
36.79999999,1,0,0,1,
36.89999999,1,0,0,1,
36.99999999,1,0,0,1,
37.09999999,1,0,0,1,
37.19999999,1,0,0,1,
37.29999999,1,0,0,1,
37.39999999,1,0,0,1,
37.49999999,1,0,0,1,
37.59999999,1,0,0,1,
37.69999999,1,0,0,1,
37.79999999,1,0,0,1,
37.89999999,1,0,0,1,
37.99999999,1,0,0,1,
38.09999999,1,0,0,1,
38.19999999,1,0,0,1,
38.29999999,1,0,0,1,
38.39999999,1,0,0,1,
38.49999999,1,0,0,1,
38.59999999,1,0,0,1,
38.69999999,1,0,0,1,
38.79999999,1,0,0,1,
38.89999999,1,0,0,1,
38.99999999,1,0,0,1,
39.09999999,1,0,0,1,
39.19999999,1,0,0,1,
39.29999999,1,0,0,1,
39.39999999,1,0,0,1,
39.49999999,1,0,0,1,
39.59999999,1,0,0,1,
39.69999999,1,0,0,1,
39.79999999,1,0,0,1,
39.89999999,1,0,0,1,
39.99999999,1,0,0,0,
40.09999999,1,0,0,0,
40.19999999,1,0,0,0,
40.29999999,1,0,0,0,
40.39999999,1,0,0,0,
40.49999999,1,0,0,0,
40.59999999,1,0,0,0,
40.69999999,1,0,0,0,
40.79999999,1,0,0,0,
40.89999999,1,0,0,0,
40.99999999,1,0,0,0,
41.09999999,1,0,0,0,
41.19999999,1,0,0,0,
41.29999999,1,0,0,0,
41.39999999,1,0,0,0,
41.49999999,1,0,0,0,
41.59999999,1,0,0,0,
41.69999999,1,0,0,0,
41.79999999,1,0,0,0,
41.89999999,1,0,0,0,
41.99999999,1,0,0,0,
42.09999999,1,0,0,0,
42.19999999,1,0,0,0,
42.29999999,1,0,0,0,
42.39999999,1,0,0,0,
42.49999999,1,0,0,0,
42.59999999,1,0,0,0,
42.69999999,1,0,0,0,
42.79999999,1,0,0,0,
42.89999999,1,0,0,0,
42.99999999,1,0,0,0,
43.09999999,1,0,0,0,
43.19999999,1,0,0,0,
43.29999999,1,0,0,0,
43.39999999,1,0,0,0,
43.49999999,1,0,0,0,
43.59999999,1,0,0,0,
43.69999999,1,0,0,0,
43.79999999,1,0,0,0,
43.89999999,1,0,0,0,
43.99999999,1,0,0,0,
44.09999999,1,0,0,0,
44.19999999,1,0,0,0,
44.29999999,1,0,0,0,
44.39999999,1,0,0,0,
44.49999999,1,0,0,0,
44.59999999,1,0,0,0,
44.69999999,1,0,0,0,
44.79999999,1,0,0,0,
44.89999999,1,0,0,0,
44.99999999,1,0,0,0,
45.09999999,1,0,0,0,
45.19999999,1,0,0,0,
45.29999999,1,0,0,0,
45.39999999,1,0,0,0,
45.49999999,1,0,0,0,
45.59999999,1,0,0,0,
45.69999999,1,0,0,0,
45.79999999,1,0,0,0,
45.89999999,1,0,0,0,
45.99999999,1,0,0,0,
46.09999999,1,0,0,0,
46.19999999,1,0,0,0,
46.29999999,1,0,0,0,
46.39999999,1,0,0,0,
46.49999999,1,0,0,0,
46.59999999,1,0,0,0,
46.69999999,1,0,0,0,
46.79999999,1,0,0,0,
46.89999999,1,0,0,0,
46.99999999,1,0,0,0,
47.09999999,1,0,0,0,
47.19999999,1,0,0,0,
47.29999999,1,0,0,0,
47.39999999,1,0,0,0,
47.49999999,1,0,0,0,
47.59999999,1,0,0,0,
47.69999999,1,0,0,0,
47.79999999,1,0,0,0,
47.89999999,1,0,0,0,
47.99999999,1,0,0,0,
48.09999999,1,0,0,0,
48.19999999,1,0,0,0,
48.29999999,1,0,0,0,
48.39999999,1,0,0,0,
48.49999999,1,0,0,0,
48.59999999,1,0,0,0,
48.69999999,1,0,0,0,
48.79999999,1,0,0,0,
48.89999999,1,0,0,0,
48.99999999,1,0,0,0,
49.09999999,1,0,0,0,
49.19999999,1,0,0,0,
49.29999999,1,0,0,0,
49.39999999,1,0,0,0,
49.49999999,1,0,0,0,
49.59999999,1,0,0,0,
49.69999999,1,0,0,0,
49.79999999,1,0,0,0,
49.89999999,1,0,0,0,
49.99999999,1,0,0,0,
50.09999999,1,0,0,0,
50.19999999,1,0,0,0,
50.29999999,1,0,0,0,
50.39999999,1,0,0,0,
50.49999999,1,0,0,0,
50.59999999,1,0,0,0,
50.69999999,1,0,0,0,
50.79999999,1,0,0,0,
50.89999999,1,0,0,0,
50.99999999,1,0,0,0,
51.09999999,1,0,0,0,
51.19999999,1,0,0,0,
51.29999999,1,0,0,0,
51.39999999,1,0,0,0,
51.49999999,1,0,0,0,
51.59999999,1,0,0,0,
51.69999999,1,0,0,0,
51.79999999,1,0,0,0,
51.89999999,1,0,0,0,
51.99999999,1,0,0,0,
52.09999999,1,0,0,0,
52.19999999,1,0,0,0,
52.29999999,1,0,0,0,
52.39999999,1,0,0,0,
52.49999999,1,0,0,0,
52.59999999,1,0,0,0,
52.69999999,1,0,0,0,
52.79999999,1,0,0,0,
52.89999999,1,0,0,0,
52.99999999,1,0,0,0,
53.09999999,1,0,0,0,
53.19999999,1,0,0,0,
53.29999999,1,0,0,0,
53.39999999,1,0,0,0,
53.49999999,1,0,0,0,
53.59999999,1,0,0,0,
53.69999999,1,0,0,0,
53.79999999,1,0,0,0,
53.89999999,1,0,0,0,
53.99999999,1,0,0,0,
54.09999999,1,0,0,0,
54.19999999,1,0,0,0,
54.29999999,1,0,0,0,
54.39999999,1,0,0,0,
54.49999999,1,0,0,0,
54.59999999,1,0,0,0,
54.69999999,1,0,0,0,
54.79999999,1,0,0,0,
54.89999999,1,0,0,0,
54.99999999,1,0,0,0,
55.09999999,1,0,0,0,
55.19999999,1,0,0,0,
55.29999999,1,0,0,0,
55.39999999,1,0,0,0,
55.49999999,1,0,0,0,
55.59999999,1,0,0,0,
55.69999999,1,0,0,0,
55.79999999,1,0,0,0,
55.89999999,1,0,0,0,
55.99999999,1,0,0,0,
56.09999999,1,0,0,0,
56.19999999,1,0,0,0,
56.29999999,1,0,0,0,
56.39999999,1,0,0,0,
56.49999999,1,0,0,0,
56.59999999,1,0,0,0,
56.69999999,1,0,0,0,
56.79999999,1,0,0,0,
56.89999999,1,0,0,0,
56.99999999,1,0,0,0,
57.09999999,1,0,0,0,
57.19999999,1,0,0,0,
57.29999999,1,0,0,0,
57.39999999,1,0,0,0,
57.49999999,1,0,0,0,
57.59999999,1,0,0,0,
57.69999999,1,0,0,0,
57.79999999,1,0,0,0,
57.89999999,1,0,0,0,
57.99999999,1,0,0,0,
58.09999999,1,0,0,0,
58.19999999,1,0,0,0,
58.29999999,1,0,0,0,
58.39999999,1,0,0,0,
58.49999999,1,0,0,0,
58.59999999,1,0,0,0,
58.69999999,1,0,0,0,
58.79999999,1,0,0,0,
58.89999999,1,0,0,0,
58.99999999,1,0,0,0,
59.09999999,1,0,0,0,
59.19999999,1,0,0,0,
59.29999999,1,0,0,0,
59.39999999,1,0,0,0,
59.49999999,1,0,0,0,
59.59999999,1,0,0,0,
59.69999999,1,0,0,0,
59.79999999,1,0,0,0,
59.89999999,1,0,0,0,
59.99999999,1,0,0,0,
60.09999999,1,0,0,0,
60.19999999,1,0,0,0,
60.29999999,1,0,0,0,
60.39999999,1,0,0,0,
60.49999999,1,0,0,0,
60.59999999,1,0,0,0,
60.69999999,1,0,0,0,
60.79999999,1,0,0,0,
60.89999999,1,0,0,0,
60.99999999,1,0,0,0,
61.09999999,1,0,0,0,
61.19999999,1,0,0,0,
61.29999999,1,0,0,0,
61.39999999,1,0,0,0,
61.49999999,1,0,0,0,
61.59999999,1,0,0,0,
61.69999999,1,0,0,0,
61.79999999,1,0,0,0,
61.89999999,1,0,0,0,
61.99999999,1,0,0,0,
62.09999999,1,0,0,0,
62.19999999,1,0,0,0,
62.29999999,1,0,0,0,
62.39999999,1,0,0,0,
62.49999999,1,0,0,0,
62.59999999,1,0,0,0,
62.69999999,1,0,0,0,
62.79999999,1,0,0,0,
62.89999999,1,0,0,0,
62.99999999,1,0,0,0,
63.09999999,1,0,0,0,
63.19999999,1,0,0,0,
63.29999999,1,0,0,0,
63.39999999,1,0,0,0,
63.49999999,1,0,0,0,
63.59999999,1,0,0,0,
63.69999999,1,0,0,0,
63.79999999,1,0,0,0,
63.89999999,1,0,0,0,
63.99999999,1,0,0,0,
64.09999999,1,0,0,0,
64.19999999,1,0,0,0,
64.29999999,1,0,0,0,
64.39999999,1,0,0,0,
64.49999999,1,0,0,0,
64.59999999,1,0,0,0,
64.69999999,1,0,0,0,
64.79999999,1,0,0,0,
64.89999999,1,0,0,0,
64.99999999,1,0,0,0,
65.09999999,1,0,0,0,
65.19999999,1,0,0,0,
65.29999999,1,0,0,0,
65.39999999,1,0,0,0,
65.49999999,1,0,0,0,
65.59999999,1,0,0,0,
65.69999999,1,0,0,0,
65.79999999,1,0,0,0,
65.89999999,1,0,0,0,
65.99999999,1,0,0,0,
66.09999999,1,0,0,0,
66.19999999,1,0,0,0,
66.29999999,1,0,0,0,
66.39999999,1,0,0,0,
66.49999999,1,0,0,0,
66.59999999,1,0,0,0,
66.69999999,1,0,0,0,
66.79999999,1,0,0,0,
66.89999999,1,0,0,0,
66.99999999,1,0,0,0,
67.09999999,1,0,0,0,
67.19999999,1,0,0,0,
67.29999999,1,0,0,0,
67.39999999,1,0,0,0,
67.49999999,1,0,0,0,
67.59999999,1,0,0,0,
67.69999999,1,0,0,0,
67.79999999,1,0,0,0,
67.89999999,1,0,0,0,
67.99999999,1,0,0,0,
68.09999999,1,0,0,0,
68.19999999,1,0,0,0,
68.29999999,1,0,0,0,
68.39999999,1,0,0,0,
68.49999999,1,0,0,0,
68.59999999,1,0,0,0,
68.69999999,1,0,0,0,
68.79999999,1,0,0,0,
68.89999999,1,0,0,0,
68.99999999,1,0,0,0,
69.09999999,1,0,0,0,
69.19999999,1,0,0,0,
69.29999999,1,0,0,0,
69.39999999,1,0,0,0,
69.49999999,1,0,0,0,
69.59999999,1,0,0,0,
69.69999999,1,0,0,0,
69.79999999,1,0,0,0,
69.89999999,1,0,0,0,
69.99999999,1,0,0,0,
70.09999999,1,0,0,0,
70.19999999,1,0,0,0,
70.29999999,1,0,0,0,
70.39999999,1,0,0,0,
70.49999999,1,0,0,0,
70.59999999,1,0,0,0,
70.69999999,1,0,0,0,
70.79999999,1,0,0,0,
70.89999999,1,0,0,0,
70.99999999,1,0,0,0,
71.09999999,1,0,0,0,
71.19999999,1,0,0,0,
71.29999999,1,0,0,0,
71.39999999,1,0,0,0,
71.49999999,1,0,0,0,
71.59999999,1,0,0,0,
71.69999999,1,0,0,0,
71.79999999,1,0,0,0,
71.89999999,1,0,0,0,
71.99999999,1,0,0,0,
72.09999999,1,0,0,0,
72.19999999,1,0,0,0,
72.29999999,1,0,0,0,
72.39999999,1,0,0,0,
72.49999999,1,0,0,0,
72.59999999,1,0,0,0,
72.69999999,1,0,0,0,
72.79999999,1,0,0,0,
72.89999999,1,0,0,0,
72.99999999,1,0,0,0,
73.09999999,1,0,0,0,
73.19999999,1,0,0,0,
73.29999999,1,0,0,0,
73.39999999,1,0,0,0,
73.49999999,1,0,0,0,
73.59999999,1,0,0,0,
73.69999999,1,0,0,0,
73.79999999,1,0,0,0,
73.89999999,1,0,0,0,
73.99999999,1,0,0,0,
74.09999999,1,0,0,0,
74.19999999,1,0,0,0,
74.29999999,1,0,0,0,
74.39999999,1,0,0,0,
74.49999999,1,0,0,0,
74.59999999,1,0,0,0,
74.69999999,1,0,0,0,
74.79999999,1,0,0,0,
74.89999999,1,0,0,0,
74.99999999,1,0,0,0,
75.09999999,1,0,0,0,
75.19999999,1,0,0,0,
75.29999999,1,0,0,0,
75.39999999,1,0,0,0,
75.49999999,1,0,0,0,
75.59999999,1,0,0,0,
75.69999999,1,0,0,0,
75.79999999,1,0,0,0,
75.89999999,1,0,0,0,
75.99999999,1,0,0,0,
76.09999999,1,0,0,0,
76.19999999,1,0,0,0,
76.29999999,1,0,0,0,
76.39999999,1,0,0,0,
76.49999999,1,0,0,0,
76.59999999,1,0,0,0,
76.69999999,1,0,0,0,
76.79999999,1,0,0,0,
76.89999999,1,0,0,0,
76.99999999,1,0,0,0,
77.09999999,1,0,0,0,
77.19999999,1,0,0,0,
77.29999999,1,0,0,0,
77.39999999,1,0,0,0,
77.49999999,1,0,0,0,
77.59999999,1,0,0,0,
77.69999999,1,0,0,0,
77.79999999,1,0,0,0,
77.89999999,1,0,0,0,
77.99999999,1,0,0,0,
78.09999999,1,0,0,0,
78.19999999,1,0,0,0,
78.29999999,1,0,0,0,
78.39999999,1,0,0,0,
78.49999999,1,0,0,0,
78.59999999,1,0,0,0,
78.69999999,1,0,0,0,
78.79999999,1,0,0,0,
78.89999999,1,0,0,0,
78.99999999,1,0,0,0,
79.09999999,1,0,0,0,
79.19999999,1,0,0,0,
79.29999999,1,0,0,0,
79.39999999,1,0,0,0,
79.49999999,1,0,0,0,
79.59999999,1,0,0,0,
79.69999999,1,0,0,0,
79.79999999,1,0,0,0,
79.89999999,1,0,0,0,
79.99999999,1,0,0,1,
80.09999999,1,0,0,1,
80.19999999,1,0,0,1,
80.29999999,1,0,0,1,
80.39999999,1,0,0,1,
80.49999999,1,0,0,1,
80.59999999,1,0,0,1,
80.69999999,1,0,0,1,
80.79999999,1,0,0,1,
80.89999999,1,0,0,1,
80.99999999,1,0,0,1,
81.09999999,1,0,0,1,
81.19999999,1,0,0,1,
81.29999999,1,0,0,1,
81.39999999,1,0,0,1,
81.49999999,1,0,0,1,
81.59999999,1,0,0,1,
81.69999999,1,0,0,1,
81.79999999,1,0,0,1,
81.89999999,1,0,0,1,
81.99999999,1,0,0,1,
82.09999999,1,0,0,1,
82.19999999,1,0,0,1,
82.29999999,1,0,0,1,
82.39999999,1,0,0,1,
82.49999999,1,0,0,1,
82.59999999,1,0,0,1,
82.69999999,1,0,0,1,
82.79999999,1,0,0,1,
82.89999999,1,0,0,1,
82.99999999,1,0,0,1,
83.09999999,1,0,0,1,
83.19999999,1,0,0,1,
83.29999999,1,0,0,1,
83.39999999,1,0,0,1,
83.49999999,1,0,0,1,
83.59999999,1,0,0,1,
83.69999999,1,0,0,1,
83.79999999,1,0,0,1,
83.89999999,1,0,0,1,
83.99999999,1,0,0,1,
84.09999999,1,0,0,1,
84.19999999,1,0,0,1,
84.29999999,1,0,0,1,
84.39999999,1,0,0,1,
84.49999999,1,0,0,1,
84.59999999,1,0,0,1,
84.69999999,1,0,0,1,
84.79999999,1,0,0,1,
84.89999999,1,0,0,1,
84.99999999,1,0,0,1,
85.09999999,1,0,0,1,
85.19999999,1,0,0,1,
85.29999999,1,0,0,1,
85.39999999,1,0,0,1,
85.49999999,1,0,0,1,
85.59999999,1,0,0,1,
85.69999999,1,0,0,1,
85.79999999,1,0,0,1,
85.89999999,1,0,0,1,
85.99999999,1,0,0,1,
86.09999999,1,0,0,1,
86.19999999,1,0,0,1,
86.29999999,1,0,0,1,
86.39999999,1,0,0,1,
86.49999999,1,0,0,1,
86.59999999,1,0,0,1,
86.69999999,1,0,0,1,
86.79999999,1,0,0,1,
86.89999999,1,0,0,1,
86.99999999,1,0,0,1,
87.09999999,1,0,0,1,
87.19999999,1,0,0,1,
87.29999999,1,0,0,1,
87.39999999,1,0,0,1,
87.49999999,1,0,0,1,
87.59999999,1,0,0,1,
87.69999999,1,0,0,1,
87.79999999,1,0,0,1,
87.89999999,1,0,0,1,
87.99999999,1,0,0,1,
88.09999999,1,0,0,1,
88.19999999,1,0,0,1,
88.29999999,1,0,0,1,
88.39999999,1,0,0,1,
88.49999999,1,0,0,1,
88.59999999,1,0,0,1,
88.69999999,1,0,0,1,
88.79999999,1,0,0,1,
88.89999999,1,0,0,1,
88.99999999,1,0,0,1,
89.09999999,1,0,0,1,
89.19999999,1,0,0,1,
89.29999999,1,0,0,1,
89.39999999,1,0,0,1,
89.49999999,1,0,0,1,
89.59999999,1,0,0,1,
89.69999999,1,0,0,1,
89.79999999,1,0,0,1,
89.89999999,1,0,0,1,
89.99999999,1,0,0,1,
90.09999999,1,0,0,1,
90.19999999,1,0,0,1,
90.29999999,1,0,0,1,
90.39999999,1,0,0,1,
90.49999999,1,0,0,1,
90.59999999,1,0,0,1,
90.69999999,1,0,0,1,
90.79999999,1,0,0,1,
90.89999999,1,0,0,1,
90.99999999,1,0,0,1,
91.09999999,1,0,0,1,
91.19999999,1,0,0,1,
91.29999999,1,0,0,1,
91.39999999,1,0,0,1,
91.49999999,1,0,0,1,
91.59999999,1,0,0,1,
91.69999999,1,0,0,1,
91.79999999,1,0,0,1,
91.89999999,1,0,0,1,
91.99999999,1,0,0,1,
92.09999999,1,0,0,1,
92.19999999,1,0,0,1,
92.29999999,1,0,0,1,
92.39999999,1,0,0,1,
92.49999999,1,0,0,1,
92.59999999,1,0,0,1,
92.69999999,1,0,0,1,
92.79999999,1,0,0,1,
92.89999999,1,0,0,1,
92.99999999,1,0,0,1,
93.09999999,1,0,0,1,
93.19999999,1,0,0,1,
93.29999999,1,0,0,1,
93.39999999,1,0,0,1,
93.49999999,1,0,0,1,
93.59999999,1,0,0,1,
93.69999999,1,0,0,1,
93.79999999,1,0,0,1,
93.89999999,1,0,0,1,
93.99999999,1,0,0,1,
94.09999999,1,0,0,1,
94.19999999,1,0,0,1,
94.29999999,1,0,0,1,
94.39999999,1,0,0,1,
94.49999999,1,0,0,1,
94.59999999,1,0,0,1,
94.69999999,1,0,0,1,
94.79999999,1,0,0,1,
94.89999999,1,0,0,1,
94.99999999,1,0,0,1,
95.09999999,1,0,0,1,
95.19999999,1,0,0,1,
95.29999999,1,0,0,1,
95.39999999,1,0,0,1,
95.49999999,1,0,0,1,
95.59999999,1,0,0,1,
95.69999999,1,0,0,1,
95.79999999,1,0,0,1,
95.89999999,1,0,0,1,
95.99999999,1,0,0,1,
96.09999999,1,0,0,1,
96.19999999,1,0,0,1,
96.29999999,1,0,0,1,
96.39999999,1,0,0,1,
96.49999999,1,0,0,1,
96.59999999,1,0,0,1,
96.69999999,1,0,0,1,
96.79999999,1,0,0,1,
96.89999999,1,0,0,1,
96.99999999,1,0,0,1,
97.09999999,1,0,0,1,
97.19999999,1,0,0,1,
97.29999999,1,0,0,1,
97.39999999,1,0,0,1,
97.49999999,1,0,0,1,
97.59999999,1,0,0,1,
97.69999999,1,0,0,1,
97.79999999,1,0,0,1,
97.89999999,1,0,0,1,
97.99999999,1,0,0,1,
98.09999999,1,0,0,1,
98.19999999,1,0,0,1,
98.29999999,1,0,0,1,
98.39999999,1,0,0,1,
98.49999999,1,0,0,1,
98.59999999,1,0,0,1,
98.69999999,1,0,0,1,
98.79999999,1,0,0,1,
98.89999999,1,0,0,1,
98.99999999,1,0,0,1,
99.09999999,1,0,0,1,
99.19999999,1,0,0,1,
99.29999999,1,0,0,1,
99.39999999,1,0,0,1,
99.49999999,1,0,0,1,
99.59999999,1,0,0,1,
99.69999999,1,0,0,1,
99.79999999,1,0,0,1,
99.89999999,1,0,0,1,
99.99999999,1,0,0,0,
100.1,1,0,0,0,
100.2,1,0,0,0,
100.3,1,0,0,0,
100.4,1,0,0,0,
100.5,1,0,0,0,
100.6,1,0,0,0,
100.7,1,0,0,0,
100.8,1,0,0,0,
100.9,1,0,0,0,
101,1,0,0,0,
101.1,1,0,0,0,
101.2,1,0,0,0,
101.3,1,0,0,0,
101.4,1,0,0,0,
101.5,1,0,0,0,
101.6,1,0,0,0,
101.7,1,0,0,0,
101.8,1,0,0,0,
101.9,1,0,0,0,
102,1,0,0,0,
102.1,1,0,0,0,
102.2,1,0,0,0,
102.3,1,0,0,0,
102.4,1,0,0,0,
102.5,1,0,0,0,
102.6,1,0,0,0,
102.7,1,0,0,0,
102.8,1,0,0,0,
102.9,1,0,0,0,
103,1,0,0,0,
103.1,1,0,0,0,
103.2,1,0,0,0,
103.3,1,0,0,0,
103.4,1,0,0,0,
103.5,1,0,0,0,
103.6,1,0,0,0,
103.7,1,0,0,0,
103.8,1,0,0,0,
103.9,1,0,0,0,
104,1,0,0,0,
104.1,1,0,0,0,
104.2,1,0,0,0,
104.3,1,0,0,0,
104.4,1,0,0,0,
104.5,1,0,0,0,
104.6,1,0,0,0,
104.7,1,0,0,0,
104.8,1,0,0,0,
104.9,1,0,0,0,
105,1,0,0,0,
105.1,1,0,0,0,
105.2,1,0,0,0,
105.3,1,0,0,0,
105.4,1,0,0,0,
105.5,1,0,0,0,
105.6,1,0,0,0,
105.7,1,0,0,0,
105.8,1,0,0,0,
105.9,1,0,0,0,
106,1,0,0,0,
106.1,1,0,0,0,
106.2,1,0,0,0,
106.3,1,0,0,0,
106.4,1,0,0,0,
106.5,1,0,0,0,
106.6,1,0,0,0,
106.7,1,0,0,0,
106.8,1,0,0,0,
106.9,1,0,0,0,
107,1,0,0,0,
107.1,1,0,0,0,
107.2,1,0,0,0,
107.3,1,0,0,0,
107.4,1,0,0,0,
107.5,1,0,0,0,
107.6,1,0,0,0,
107.7,1,0,0,0,
107.8,1,0,0,0,
107.9,1,0,0,0,
108,1,0,0,0,
108.1,1,0,0,0,
108.2,1,0,0,0,
108.3,1,0,0,0,
108.4,1,0,0,0,
108.5,1,0,0,0,
108.6,1,0,0,0,
108.7,1,0,0,0,
108.8,1,0,0,0,
108.9,1,0,0,0,
109,1,0,0,0,
109.1,1,0,0,0,
109.2,1,0,0,0,
109.3,1,0,0,0,
109.4,1,0,0,0,
109.5,1,0,0,0,
109.6,1,0,0,0,
109.7,1,0,0,0,
109.8,1,0,0,0,
109.9,1,0,0,0,
110,1,0,0,0,
110.1,1,0,0,0,
110.2,1,0,0,0,
110.3,1,0,0,0,
110.4,1,0,0,0,
110.5,1,0,0,0,
110.6,1,0,0,0,
110.7,1,0,0,0,
110.8,1,0,0,0,
110.9,1,0,0,0,
111,1,0,0,0,
111.1,1,0,0,0,
111.2,1,0,0,0,
111.3,1,0,0,0,
111.4,1,0,0,0,
111.5,1,0,0,0,
111.6,1,0,0,0,
111.7,1,0,0,0,
111.8,1,0,0,0,
111.9,1,0,0,0,
112,1,0,0,0,
112.1,1,0,0,0,
112.2,1,0,0,0,
112.3,1,0,0,0,
112.4,1,0,0,0,
112.5,1,0,0,0,
112.6,1,0,0,0,
112.7,1,0,0,0,
112.8,1,0,0,0,
112.9,1,0,0,0,
113,1,0,0,0,
113.1,1,0,0,0,
113.2,1,0,0,0,
113.3,1,0,0,0,
113.4,1,0,0,0,
113.5,1,0,0,0,
113.6,1,0,0,0,
113.7,1,0,0,0,
113.8,1,0,0,0,
113.9,1,0,0,0,
114,1,0,0,0,
114.1,1,0,0,0,
114.2,1,0,0,0,
114.3,1,0,0,0,
114.4,1,0,0,0,
114.5,1,0,0,0,
114.6,1,0,0,0,
114.7,1,0,0,0,
114.8,1,0,0,0,
114.9,1,0,0,0,
115,1,0,0,0,
115.1,1,0,0,0,
115.2,1,0,0,0,
115.3,1,0,0,0,
115.4,1,0,0,0,
115.5,1,0,0,0,
115.6,1,0,0,0,
115.7,1,0,0,0,
115.8,1,0,0,0,
115.9,1,0,0,0,
116,1,0,0,0,
116.1,1,0,0,0,
116.2,1,0,0,0,
116.3,1,0,0,0,
116.4,1,0,0,0,
116.5,1,0,0,0,
116.6,1,0,0,0,
116.7,1,0,0,0,
116.8,1,0,0,0,
116.9,1,0,0,0,
117,1,0,0,0,
117.1,1,0,0,0,
117.2,1,0,0,0,
117.3,1,0,0,0,
117.4,1,0,0,0,
117.5,1,0,0,0,
117.6,1,0,0,0,
117.7,1,0,0,0,
117.8,1,0,0,0,
117.9,1,0,0,0,
118,1,0,0,0,
118.1,1,0,0,0,
118.2,1,0,0,0,
118.3,1,0,0,0,
118.4,1,0,0,0,
118.5,1,0,0,0,
118.6,1,0,0,0,
118.7,1,0,0,0,
118.8,1,0,0,0,
118.9,1,0,0,0,
119,1,0,0,0,
119.1,1,0,0,0,
119.2,1,0,0,0,
119.3,1,0,0,0,
119.4,1,0,0,0,
119.5,1,0,0,0,
119.6,1,0,0,0,
119.7,1,0,0,0,
119.8,1,0,0,0,
119.9,1,0,0,0,
120,1,0,0,0,
120.1,1,0,0,0,
120.2,1,0,0,0,
120.3,1,0,0,0,
120.4,1,0,0,0,
120.5,1,0,0,0,
120.6,1,0,0,0,
120.7,1,0,0,0,
120.8,1,0,0,0,
120.9,1,0,0,0,
121,1,0,0,0,
121.1,1,0,0,0,
121.2,1,0,0,0,
121.3,1,0,0,0,
121.4,1,0,0,0,
121.5,1,0,0,0,
121.6,1,0,0,0,
121.7,1,0,0,0,
121.8,1,0,0,0,
121.9,1,0,0,0,
122,1,0,0,0,
122.1,1,0,0,0,
122.2,1,0,0,0,
122.3,1,0,0,0,
122.4,1,0,0,0,
122.5,1,0,0,0,
122.6,1,0,0,0,
122.7,1,0,0,0,
122.8,1,0,0,0,
122.9,1,0,0,0,
123,1,0,0,0,
123.1,1,0,0,0,
123.2,1,0,0,0,
123.3,1,0,0,0,
123.4,1,0,0,0,
123.5,1,0,0,0,
123.6,1,0,0,0,
123.7,1,0,0,0,
123.8,1,0,0,0,
123.9,1,0,0,0,
124,1,0,0,0,
124.1,1,0,0,0,
124.2,1,0,0,0,
124.3,1,0,0,0,
124.4,1,0,0,0,
124.5,1,0,0,0,
124.6,1,0,0,0,
124.7,1,0,0,0,
124.8,1,0,0,0,
124.9,1,0,0,0,
125,1,0,0,0,
125.1,1,0,0,0,
125.2,1,0,0,0,
125.3,1,0,0,0,
125.4,1,0,0,0,
125.5,1,0,0,0,
125.6,1,0,0,0,
125.7,1,0,0,0,
125.8,1,0,0,0,
125.9,1,0,0,0,
126,1,0,0,0,
126.1,1,0,0,0,
126.2,1,0,0,0,
126.3,1,0,0,0,
126.4,1,0,0,0,
126.5,1,0,0,0,
126.6,1,0,0,0,
126.7,1,0,0,0,
126.8,1,0,0,0,
126.9,1,0,0,0,
127,1,0,0,0,
127.1,1,0,0,0,
127.2,1,0,0,0,
127.3,1,0,0,0,
127.4,1,0,0,0,
127.5,1,0,0,0,
127.6,1,0,0,0,
127.7,1,0,0,0,
127.8,1,0,0,0,
127.9,1,0,0,0,
128,1,0,0,0,
128.1,1,0,0,0,
128.2,1,0,0,0,
128.3,1,0,0,0,
128.4,1,0,0,0,
128.5,1,0,0,0,
128.6,1,0,0,0,
128.7,1,0,0,0,
128.8,1,0,0,0,
128.9,1,0,0,0,
129,1,0,0,0,
129.1,1,0,0,0,
129.2,1,0,0,0,
129.3,1,0,0,0,
129.4,1,0,0,0,
129.5,1,0,0,0,
129.6,1,0,0,0,
129.7,1,0,0,0,
129.8,1,0,0,0,
129.9,1,0,0,0,
130,1,0,0,0,
130.1,1,0,0,0,
130.2,1,0,0,0,
130.3,1,0,0,0,
130.4,1,0,0,0,
130.5,1,0,0,0,
130.6,1,0,0,0,
130.7,1,0,0,0,
130.8,1,0,0,0,
130.9,1,0,0,0,
131,1,0,0,0,
131.1,1,0,0,0,
131.2,1,0,0,0,
131.3,1,0,0,0,
131.4,1,0,0,0,
131.5,1,0,0,0,
131.6,1,0,0,0,
131.7,1,0,0,0,
131.8,1,0,0,0,
131.9,1,0,0,0,
132,1,0,0,0,
132.1,1,0,0,0,
132.2,1,0,0,0,
132.3,1,0,0,0,
132.4,1,0,0,0,
132.5,1,0,0,0,
132.6,1,0,0,0,
132.7,1,0,0,0,
132.8,1,0,0,0,
132.9,1,0,0,0,
133,1,0,0,0,
133.1,1,0,0,0,
133.2,1,0,0,0,
133.3,1,0,0,0,
133.4,1,0,0,0,
133.5,1,0,0,0,
133.6,1,0,0,0,
133.7,1,0,0,0,
133.8,1,0,0,0,
133.9,1,0,0,0,
134,1,0,0,0,
134.1,1,0,0,0,
134.2,1,0,0,0,
134.3,1,0,0,0,
134.4,1,0,0,0,
134.5,1,0,0,0,
134.6,1,0,0,0,
134.7,1,0,0,0,
134.8,1,0,0,0,
134.9,1,0,0,0,
135,1,0,0,0,
135.1,1,0,0,0,
135.2,1,0,0,0,
135.3,1,0,0,0,
135.4,1,0,0,0,
135.5,1,0,0,0,
135.6,1,0,0,0,
135.7,1,0,0,0,
135.8,1,0,0,0,
135.9,1,0,0,0,
136,1,0,0,0,
136.1,1,0,0,0,
136.2,1,0,0,0,
136.3,1,0,0,0,
136.4,1,0,0,0,
136.5,1,0,0,0,
136.6,1,0,0,0,
136.7,1,0,0,0,
136.8,1,0,0,0,
136.9,1,0,0,0,
137,1,0,0,0,
137.1,1,0,0,0,
137.2,1,0,0,0,
137.3,1,0,0,0,
137.4,1,0,0,0,
137.5,1,0,0,0,
137.6,1,0,0,0,
137.7,1,0,0,0,
137.8,1,0,0,0,
137.9,1,0,0,0,
138,1,0,0,0,
138.1,1,0,0,0,
138.2,1,0,0,0,
138.3,1,0,0,0,
138.4,1,0,0,0,
138.5,1,0,0,0,
138.6,1,0,0,0,
138.7,1,0,0,0,
138.8,1,0,0,0,
138.9,1,0,0,0,
139,1,0,0,0,
139.1,1,0,0,0,
139.2,1,0,0,0,
139.3,1,0,0,0,
139.4,1,0,0,0,
139.5,1,0,0,0,
139.6,1,0,0,0,
139.7,1,0,0,0,
139.8,1,0,0,0,
139.9,1,0,0,0,
140,1,0,0,1,
140.1,1,0,0,1,
140.2,1,0,0,1,
140.3,1,0,0,1,
140.4,1,0,0,1,
140.5,1,0,0,1,
140.6,1,0,0,1,
140.7,1,0,0,1,
140.8,1,0,0,1,
140.9,1,0,0,1,
141,1,0,0,1,
141.1,1,0,0,1,
141.2,1,0,0,1,
141.3,1,0,0,1,
141.4,1,0,0,1,
141.5,1,0,0,1,
141.6,1,0,0,1,
141.7,1,0,0,1,
141.8,1,0,0,1,
141.9,1,0,0,1,
142,1,0,0,1,
142.1,1,0,0,1,
142.2,1,0,0,1,
142.3,1,0,0,1,
142.4,1,0,0,1,
142.5,1,0,0,1,
142.6,1,0,0,1,
142.7,1,0,0,1,
142.8,1,0,0,1,
142.9,1,0,0,1,
143,1,0,0,1,
143.1,1,0,0,1,
143.2,1,0,0,1,
143.3,1,0,0,1,
143.4,1,0,0,1,
143.5,1,0,0,1,
143.6,1,0,0,1,
143.7,1,0,0,1,
143.8,1,0,0,1,
143.9,1,0,0,1,
144,1,0,0,1,
144.1,1,0,0,1,
144.2,1,0,0,1,
144.3,1,0,0,1,
144.4,1,0,0,1,
144.5,1,0,0,1,
144.6,1,0,0,1,
144.7,1,0,0,1,
144.8,1,0,0,1,
144.9,1,0,0,1,
145,1,0,0,1,
145.1,1,0,0,1,
145.2,1,0,0,1,
145.3,1,0,0,1,
145.4,1,0,0,1,
145.5,1,0,0,1,
145.6,1,0,0,1,
145.7,1,0,0,1,
145.8,1,0,0,1,
145.9,1,0,0,1,
146,1,0,0,1,
146.1,1,0,0,1,
146.2,1,0,0,1,
146.3,1,0,0,1,
146.4,1,0,0,1,
146.5,1,0,0,1,
146.6,1,0,0,1,
146.7,1,0,0,1,
146.8,1,0,0,1,
146.9,1,0,0,1,
147,1,0,0,1,
147.1,1,0,0,1,
147.2,1,0,0,1,
147.3,1,0,0,1,
147.4,1,0,0,1,
147.5,1,0,0,1,
147.6,1,0,0,1,
147.7,1,0,0,1,
147.8,1,0,0,1,
147.9,1,0,0,1,
148,1,0,0,1,
148.1,1,0,0,1,
148.2,1,0,0,1,
148.3,1,0,0,1,
148.4,1,0,0,1,
148.5,1,0,0,1,
148.6,1,0,0,1,
148.7,1,0,0,1,
148.8,1,0,0,1,
148.9,1,0,0,1,
149,1,0,0,1,
149.1,1,0,0,1,
149.2,1,0,0,1,
149.3,1,0,0,1,
149.4,1,0,0,1,
149.5,1,0,0,1,
149.6,1,0,0,1,
149.7,1,0,0,1,
149.8,1,0,0,1,
149.9,1,0,0,1,
150,1,0,0,1,
150.1,1,0,0,1,
150.2,1,0,0,1,
150.3,1,0,0,1,
150.4,1,0,0,1,
150.5,1,0,0,1,
150.6,1,0,0,1,
150.7,1,0,0,1,
150.8,1,0,0,1,
150.9,1,0,0,1,
151,1,0,0,1,
151.1,1,0,0,1,
151.2,1,0,0,1,
151.3,1,0,0,1,
151.4,1,0,0,1,
151.5,1,0,0,1,
151.6,1,0,0,1,
151.7,1,0,0,1,
151.8,1,0,0,1,
151.9,1,0,0,1,
152,1,0,0,1,
152.1,1,0,0,1,
152.2,1,0,0,1,
152.3,1,0,0,1,
152.4,1,0,0,1,
152.5,1,0,0,1,
152.6,1,0,0,1,
152.7,1,0,0,1,
152.8,1,0,0,1,
152.9,1,0,0,1,
153,1,0,0,1,
153.1,1,0,0,1,
153.2,1,0,0,1,
153.3,1,0,0,1,
153.4,1,0,0,1,
153.5,1,0,0,1,
153.6,1,0,0,1,
153.7,1,0,0,1,
153.8,1,0,0,1,
153.9,1,0,0,1,
154,1,0,0,1,
154.1,1,0,0,1,
154.2,1,0,0,1,
154.3,1,0,0,1,
154.4,1,0,0,1,
154.5,1,0,0,1,
154.6,1,0,0,1,
154.7,1,0,0,1,
154.8,1,0,0,1,
154.9,1,0,0,1,
155,1,0,0,1,
155.1,1,0,0,1,
155.2,1,0,0,1,
155.3,1,0,0,1,
155.4,1,0,0,1,
155.5,1,0,0,1,
155.6,1,0,0,1,
155.7,1,0,0,1,
155.8,1,0,0,1,
155.9,1,0,0,1,
156,1,0,0,1,
156.1,1,0,0,1,
156.2,1,0,0,1,
156.3,1,0,0,1,
156.4,1,0,0,1,
156.5,1,0,0,1,
156.6,1,0,0,1,
156.7,1,0,0,1,
156.8,1,0,0,1,
156.9,1,0,0,1,
157,1,0,0,1,
157.1,1,0,0,1,
157.2,1,0,0,1,
157.3,1,0,0,1,
157.4,1,0,0,1,
157.5,1,0,0,1,
157.6,1,0,0,1,
157.7,1,0,0,1,
157.8,1,0,0,1,
157.9,1,0,0,1,
158,1,0,0,1,
158.1,1,0,0,1,
158.2,1,0,0,1,
158.3,1,0,0,1,
158.4,1,0,0,1,
158.5,1,0,0,1,
158.6,1,0,0,1,
158.7,1,0,0,1,
158.8,1,0,0,1,
158.9,1,0,0,1,
159,1,0,0,1,
159.1,1,0,0,1,
159.2,1,0,0,1,
159.3,1,0,0,1,
159.4,1,0,0,1,
159.5,1,0,0,1,
159.6,1,0,0,1,
159.7,1,0,0,1,
159.8,1,0,0,1,
159.9,1,0,0,1,
160,1,0,0,0,
160.1,1,0,0,0,
160.2,1,0,0,0,
160.3,1,0,0,0,
160.4,1,0,0,0,
160.5,1,0,0,0,
160.6,1,0,0,0,
160.7,1,0,0,0,
160.8,1,0,0,0,
160.9,1,0,0,0,
161,1,0,0,0,
161.1,1,0,0,0,
161.2,1,0,0,0,
161.3,1,0,0,0,
161.4,1,0,0,0,
161.5,1,0,0,0,
161.6,1,0,0,0,
161.7,1,0,0,0,
161.8,1,0,0,0,
161.9,1,0,0,0,
162,1,0,0,0,
162.1,1,0,0,0,
162.2,1,0,0,0,
162.3,1,0,0,0,
162.4,1,0,0,0,
162.5,1,0,0,0,
162.6,1,0,0,0,
162.7,1,0,0,0,
162.8,1,0,0,0,
162.9,1,0,0,0,
163,1,0,0,0,
163.1,1,0,0,0,
163.2,1,0,0,0,
163.3,1,0,0,0,
163.4,1,0,0,0,
163.5,1,0,0,0,
163.6,1,0,0,0,
163.7,1,0,0,0,
163.8,1,0,0,0,
163.9,1,0,0,0,
164,1,0,0,0,
164.1,1,0,0,0,
164.2,1,0,0,0,
164.3,1,0,0,0,
164.4,1,0,0,0,
164.5,1,0,0,0,
164.6,1,0,0,0,
164.7,1,0,0,0,
164.8,1,0,0,0,
164.9,1,0,0,0,
165,1,0,0,0,
165.1,1,0,0,0,
165.2,1,0,0,0,
165.3,1,0,0,0,
165.4,1,0,0,0,
165.5,1,0,0,0,
165.6,1,0,0,0,
165.7,1,0,0,0,
165.8,1,0,0,0,
165.9,1,0,0,0,
166,1,0,0,0,
166.1,1,0,0,0,
166.2,1,0,0,0,
166.3,1,0,0,0,
166.4,1,0,0,0,
166.5,1,0,0,0,
166.6,1,0,0,0,
166.7,1,0,0,0,
166.8,1,0,0,0,
166.9,1,0,0,0,
167,1,0,0,0,
167.1,1,0,0,0,
167.2,1,0,0,0,
167.3,1,0,0,0,
167.4,1,0,0,0,
167.5,1,0,0,0,
167.6,1,0,0,0,
167.7,1,0,0,0,
167.8,1,0,0,0,
167.9,1,0,0,0,
168,1,0,0,0,
168.1,1,0,0,0,
168.2,1,0,0,0,
168.3,1,0,0,0,
168.4,1,0,0,0,
168.5,1,0,0,0,
168.6,1,0,0,0,
168.7,1,0,0,0,
168.8,1,0,0,0,
168.9,1,0,0,0,
169,1,0,0,0,
169.1,1,0,0,0,
169.2,1,0,0,0,
169.3,1,0,0,0,
169.4,1,0,0,0,
169.5,1,0,0,0,
169.6,1,0,0,0,
169.7,1,0,0,0,
169.8,1,0,0,0,
169.9,1,0,0,0,
170,1,0,0,0,
170.1,1,0,0,0,
170.2,1,0,0,0,
170.3,1,0,0,0,
170.4,1,0,0,0,
170.5,1,0,0,0,
170.6,1,0,0,0,
170.7,1,0,0,0,
170.8,1,0,0,0,
170.9,1,0,0,0,
171,1,0,0,0,
171.1,1,0,0,0,
171.2,1,0,0,0,
171.3,1,0,0,0,
171.4,1,0,0,0,
171.5,1,0,0,0,
171.6,1,0,0,0,
171.7,1,0,0,0,
171.8,1,0,0,0,
171.9,1,0,0,0,
172,1,0,0,0,
172.1,1,0,0,0,
172.2,1,0,0,0,
172.3,1,0,0,0,
172.4,1,0,0,0,
172.5,1,0,0,0,
172.6,1,0,0,0,
172.7,1,0,0,0,
172.8,1,0,0,0,
172.9,1,0,0,0,
173,1,0,0,0,
173.1,1,0,0,0,
173.2,1,0,0,0,
173.3,1,0,0,0,
173.4,1,0,0,0,
173.5,1,0,0,0,
173.6,1,0,0,0,
173.7,1,0,0,0,
173.8,1,0,0,0,
173.9,1,0,0,0,
174,1,0,0,0,
174.1,1,0,0,0,
174.2,1,0,0,0,
174.3,1,0,0,0,
174.4,1,0,0,0,
174.5,1,0,0,0,
174.6,1,0,0,0,
174.7,1,0,0,0,
174.8,1,0,0,0,
174.9,1,0,0,0,
175,1,0,0,0,
175.1,1,0,0,0,
175.2,1,0,0,0,
175.3,1,0,0,0,
175.4,1,0,0,0,
175.5,1,0,0,0,
175.6,1,0,0,0,
175.7,1,0,0,0,
175.8,1,0,0,0,
175.9,1,0,0,0,
176,1,0,0,0,
176.1,1,0,0,0,
176.2,1,0,0,0,
176.3,1,0,0,0,
176.4,1,0,0,0,
176.5,1,0,0,0,
176.6,1,0,0,0,
176.7,1,0,0,0,
176.8,1,0,0,0,
176.9,1,0,0,0,
177,1,0,0,0,
177.1,1,0,0,0,
177.2,1,0,0,0,
177.3,1,0,0,0,
177.4,1,0,0,0,
177.5,1,0,0,0,
177.6,1,0,0,0,
177.7,1,0,0,0,
177.8,1,0,0,0,
177.9,1,0,0,0,
178,1,0,0,0,
178.1,1,0,0,0,
178.2,1,0,0,0,
178.3,1,0,0,0,
178.4,1,0,0,0,
178.5,1,0,0,0,
178.6,1,0,0,0,
178.7,1,0,0,0,
178.8,1,0,0,0,
178.9,1,0,0,0,
179,1,0,0,0,
179.1,1,0,0,0,
179.2,1,0,0,0,
179.3,1,0,0,0,
179.4,1,0,0,0,
179.5,1,0,0,0,
179.6,1,0,0,0,
179.7,1,0,0,0,
179.8,1,0,0,0,
179.9,1,0,0,0,
180,1,0,0,0,
180.1,1,0,0,0,
180.2,1,0,0,0,
180.3,1,0,0,0,
180.4,1,0,0,0,
180.5,1,0,0,0,
180.6,1,0,0,0,
180.7,1,0,0,0,
180.8,1,0,0,0,
180.9,1,0,0,0,
181,1,0,0,0,
181.1,1,0,0,0,
181.2,1,0,0,0,
181.3,1,0,0,0,
181.4,1,0,0,0,
181.5,1,0,0,0,
181.6,1,0,0,0,
181.7,1,0,0,0,
181.8,1,0,0,0,
181.9,1,0,0,0,
182,1,0,0,0,
182.1,1,0,0,0,
182.2,1,0,0,0,
182.3,1,0,0,0,
182.4,1,0,0,0,
182.5,1,0,0,0,
182.6,1,0,0,0,
182.7,1,0,0,0,
182.8,1,0,0,0,
182.9,1,0,0,0,
183,1,0,0,0,
183.1,1,0,0,0,
183.2,1,0,0,0,
183.3,1,0,0,0,
183.4,1,0,0,0,
183.5,1,0,0,0,
183.6,1,0,0,0,
183.7,1,0,0,0,
183.8,1,0,0,0,
183.9,1,0,0,0,
184,1,0,0,0,
184.1,1,0,0,0,
184.2,1,0,0,0,
184.3,1,0,0,0,
184.4,1,0,0,0,
184.5,1,0,0,0,
184.6,1,0,0,0,
184.7,1,0,0,0,
184.8,1,0,0,0,
184.9,1,0,0,0,
185,1,0,0,0,
185.1,1,0,0,0,
185.2,1,0,0,0,
185.3,1,0,0,0,
185.4,1,0,0,0,
185.5,1,0,0,0,
185.6,1,0,0,0,
185.7,1,0,0,0,
185.8,1,0,0,0,
185.9,1,0,0,0,
186,1,0,0,0,
186.1,1,0,0,0,
186.2,1,0,0,0,
186.3,1,0,0,0,
186.4,1,0,0,0,
186.5,1,0,0,0,
186.6,1,0,0,0,
186.7,1,0,0,0,
186.8,1,0,0,0,
186.9,1,0,0,0,
187,1,0,0,0,
187.1,1,0,0,0,
187.2,1,0,0,0,
187.3,1,0,0,0,
187.4,1,0,0,0,
187.5,1,0,0,0,
187.6,1,0,0,0,
187.7,1,0,0,0,
187.8,1,0,0,0,
187.9,1,0,0,0,
188,1,0,0,0,
188.1,1,0,0,0,
188.2,1,0,0,0,
188.3,1,0,0,0,
188.4,1,0,0,0,
188.5,1,0,0,0,
188.6,1,0,0,0,
188.7,1,0,0,0,
188.8,1,0,0,0,
188.9,1,0,0,0,
189,1,0,0,0,
189.1,1,0,0,0,
189.2,1,0,0,0,
189.3,1,0,0,0,
189.4,1,0,0,0,
189.5,1,0,0,0,
189.6,1,0,0,0,
189.7,1,0,0,0,
189.8,1,0,0,0,
189.9,1,0,0,0,
190,1,0,0,0,
190.1,1,0,0,0,
190.2,1,0,0,0,
190.3,1,0,0,0,
190.4,1,0,0,0,
190.5,1,0,0,0,
190.6,1,0,0,0,
190.7,1,0,0,0,
190.8,1,0,0,0,
190.9,1,0,0,0,
191,1,0,0,0,
191.1,1,0,0,0,
191.2,1,0,0,0,
191.3,1,0,0,0,
191.4,1,0,0,0,
191.5,1,0,0,0,
191.6,1,0,0,0,
191.7,1,0,0,0,
191.8,1,0,0,0,
191.9,1,0,0,0,
192,1,0,0,0,
192.1,1,0,0,0,
192.2,1,0,0,0,
192.3,1,0,0,0,
192.4,1,0,0,0,
192.5,1,0,0,0,
192.6,1,0,0,0,
192.7,1,0,0,0,
192.8,1,0,0,0,
192.9,1,0,0,0,
193,1,0,0,0,
193.1,1,0,0,0,
193.2,1,0,0,0,
193.3,1,0,0,0,
193.4,1,0,0,0,
193.5,1,0,0,0,
193.6,1,0,0,0,
193.7,1,0,0,0,
193.8,1,0,0,0,
193.9,1,0,0,0,
194,1,0,0,0,
194.1,1,0,0,0,
194.2,1,0,0,0,
194.3,1,0,0,0,
194.4,1,0,0,0,
194.5,1,0,0,0,
194.6,1,0,0,0,
194.7,1,0,0,0,
194.8,1,0,0,0,
194.9,1,0,0,0,
195,1,0,0,0,
195.1,1,0,0,0,
195.2,1,0,0,0,
195.3,1,0,0,0,
195.4,1,0,0,0,
195.5,1,0,0,0,
195.6,1,0,0,0,
195.7,1,0,0,0,
195.8,1,0,0,0,
195.9,1,0,0,0,
196,1,0,0,0,
196.1,1,0,0,0,
196.2,1,0,0,0,
196.3,1,0,0,0,
196.4,1,0,0,0,
196.5,1,0,0,0,
196.6,1,0,0,0,
196.7,1,0,0,0,
196.8,1,0,0,0,
196.9,1,0,0,0,
197,1,0,0,0,
197.1,1,0,0,0,
197.2,1,0,0,0,
197.3,1,0,0,0,
197.4,1,0,0,0,
197.5,1,0,0,0,
197.6,1,0,0,0,
197.7,1,0,0,0,
197.8,1,0,0,0,
197.9,1,0,0,0,
198,1,0,0,0,
198.1,1,0,0,0,
198.2,1,0,0,0,
198.3,1,0,0,0,
198.4,1,0,0,0,
198.5,1,0,0,0,
198.6,1,0,0,0,
198.7,1,0,0,0,
198.8,1,0,0,0,
198.9,1,0,0,0,
199,1,0,0,0,
199.1,1,0,0,0,
199.2,1,0,0,0,
199.3,1,0,0,0,
199.4,1,0,0,0,
199.5,1,0,0,0,
199.6,1,0,0,0,
199.7,1,0,0,0,
199.8,1,0,0,0,
199.9,1,0,0,0,
200,1,0,0,1,
200.1,1,0,0,1,
200.2,1,0,0,1,
200.3,1,0,0,1,
200.4,1,0,0,1,
200.5,1,0,0,1,
200.6,1,0,0,1,
200.7,1,0,0,1,
200.8,1,0,0,1,
200.9,1,0,0,1,
201,1,0,0,1,
201.1,1,0,0,1,
201.2,1,0,0,1,
201.3,1,0,0,1,
201.4,1,0,0,1,
201.5,1,0,0,1,
201.6,1,0,0,1,
201.7,1,0,0,1,
201.8,1,0,0,1,
201.9,1,0,0,1,
202,1,0,0,1,
202.1,1,0,0,1,
202.2,1,0,0,1,
202.3,1,0,0,1,
202.4,1,0,0,1,
202.5,1,0,0,1,
202.6,1,0,0,1,
202.7,1,0,0,1,
202.8,1,0,0,1,
202.9,1,0,0,1,
203,1,0,0,1,
203.1,1,0,0,1,
203.2,1,0,0,1,
203.3,1,0,0,1,
203.4,1,0,0,1,
203.5,1,0,0,1,
203.6,1,0,0,1,
203.7,1,0,0,1,
203.8,1,0,0,1,
203.9,1,0,0,1,
204,1,0,0,1,
204.1,1,0,0,1,
204.2,1,0,0,1,
204.3,1,0,0,1,
204.4,1,0,0,1,
204.5,1,0,0,1,
204.6,1,0,0,1,
204.7,1,0,0,1,
204.8,1,0,0,1,
204.9,1,0,0,1,
205,1,0,0,1,
205.1,1,0,0,1,
205.2,1,0,0,1,
205.3,1,0,0,1,
205.4,1,0,0,1,
205.5,1,0,0,1,
205.6,1,0,0,1,
205.7,1,0,0,1,
205.8,1,0,0,1,
205.9,1,0,0,1,
206,1,0,0,1,
206.1,1,0,0,1,
206.2,1,0,0,1,
206.3,1,0,0,1,
206.4,1,0,0,1,
206.5,1,0,0,1,
206.6,1,0,0,1,
206.7,1,0,0,1,
206.8,1,0,0,1,
206.9,1,0,0,1,
207,1,0,0,1,
207.1,1,0,0,1,
207.2,1,0,0,1,
207.3,1,0,0,1,
207.4,1,0,0,1,
207.5,1,0,0,1,
207.6,1,0,0,1,
207.7,1,0,0,1,
207.8,1,0,0,1,
207.9,1,0,0,1,
208,1,0,0,1,
208.1,1,0,0,1,
208.2,1,0,0,1,
208.3,1,0,0,1,
208.4,1,0,0,1,
208.5,1,0,0,1,
208.6,1,0,0,1,
208.7,1,0,0,1,
208.8,1,0,0,1,
208.9,1,0,0,1,
209,1,0,0,1,
209.1,1,0,0,1,
209.2,1,0,0,1,
209.3,1,0,0,1,
209.4,1,0,0,1,
209.5,1,0,0,1,
209.6,1,0,0,1,
209.7,1,0,0,1,
209.8,1,0,0,1,
209.9,1,0,0,1,
210,1,0,0,1,
210.1,1,0,0,1,
210.2,1,0,0,1,
210.3,1,0,0,1,
210.4,1,0,0,1,
210.5,1,0,0,1,
210.6,1,0,0,1,
210.7,1,0,0,1,
210.8,1,0,0,1,
210.9,1,0,0,1,
211,1,0,0,1,
211.1,1,0,0,1,
211.2,1,0,0,1,
211.3,1,0,0,1,
211.4,1,0,0,1,
211.5,1,0,0,1,
211.6,1,0,0,1,
211.7,1,0,0,1,
211.8,1,0,0,1,
211.9,1,0,0,1,
212,1,0,0,1,
212.1,1,0,0,1,
212.2,1,0,0,1,
212.3,1,0,0,1,
212.4,1,0,0,1,
212.5,1,0,0,1,
212.6,1,0,0,1,
212.7,1,0,0,1,
212.8,1,0,0,1,
212.9,1,0,0,1,
213,1,0,0,1,
213.1,1,0,0,1,
213.2,1,0,0,1,
213.3,1,0,0,1,
213.4,1,0,0,1,
213.5,1,0,0,1,
213.6,1,0,0,1,
213.7,1,0,0,1,
213.8,1,0,0,1,
213.9,1,0,0,1,
214,1,0,0,1,
214.1,1,0,0,1,
214.2,1,0,0,1,
214.3,1,0,0,1,
214.4,1,0,0,1,
214.5,1,0,0,1,
214.6,1,0,0,1,
214.7,1,0,0,1,
214.8,1,0,0,1,
214.9,1,0,0,1,
215,1,0,0,1,
215.1,1,0,0,1,
215.2,1,0,0,1,
215.3,1,0,0,1,
215.4,1,0,0,1,
215.5,1,0,0,1,
215.6,1,0,0,1,
215.7,1,0,0,1,
215.8,1,0,0,1,
215.9,1,0,0,1,
216,1,0,0,1,
216.1,1,0,0,1,
216.2,1,0,0,1,
216.3,1,0,0,1,
216.4,1,0,0,1,
216.5,1,0,0,1,
216.6,1,0,0,1,
216.7,1,0,0,1,
216.8,1,0,0,1,
216.9,1,0,0,1,
217,1,0,0,1,
217.1,1,0,0,1,
217.2,1,0,0,1,
217.3,1,0,0,1,
217.4,1,0,0,1,
217.5,1,0,0,1,
217.6,1,0,0,1,
217.7,1,0,0,1,
217.8,1,0,0,1,
217.9,1,0,0,1,
218,1,0,0,1,
218.1,1,0,0,1,
218.2,1,0,0,1,
218.3,1,0,0,1,
218.4,1,0,0,1,
218.5,1,0,0,1,
218.6,1,0,0,1,
218.7,1,0,0,1,
218.8,1,0,0,1,
218.9,1,0,0,1,
219,1,0,0,1,
219.1,1,0,0,1,
219.2,1,0,0,1,
219.3,1,0,0,1,
219.4,1,0,0,1,
219.5,1,0,0,1,
219.6,1,0,0,1,
219.7,1,0,0,1,
219.8,1,0,0,1,
219.9,1,0,0,1,
220,1,0,0,0,
220.1,1,0,0,0,
220.2,1,0,0,0,
220.3,1,0,0,0,
220.4,1,0,0,0,
220.5,1,0,0,0,
220.6,1,0,0,0,
220.7,1,0,0,0,
220.8,1,0,0,0,
220.9,1,0,0,0,
221,1,0,0,0,
221.1,1,0,0,0,
221.2,1,0,0,0,
221.3,1,0,0,0,
221.4,1,0,0,0,
221.5,1,0,0,0,
221.6,1,0,0,0,
221.7,1,0,0,0,
221.8,1,0,0,0,
221.9,1,0,0,0,
222,1,0,0,0,
222.1,1,0,0,0,
222.2,1,0,0,0,
222.3,1,0,0,0,
222.4,1,0,0,0,
222.5,1,0,0,0,
222.6,1,0,0,0,
222.7,1,0,0,0,
222.8,1,0,0,0,
222.9,1,0,0,0,
223,1,0,0,0,
223.1,1,0,0,0,
223.2,1,0,0,0,
223.3,1,0,0,0,
223.4,1,0,0,0,
223.5,1,0,0,0,
223.6,1,0,0,0,
223.7,1,0,0,0,
223.8,1,0,0,0,
223.9,1,0,0,0,
224,1,0,0,0,
224.1,1,0,0,0,
224.2,1,0,0,0,
224.3,1,0,0,0,
224.4,1,0,0,0,
224.5,1,0,0,0,
224.6,1,0,0,0,
224.7,1,0,0,0,
224.8,1,0,0,0,
224.9,1,0,0,0,
225,1,0,0,0,
225.1,1,0,0,0,
225.2,1,0,0,0,
225.3,1,0,0,0,
225.4,1,0,0,0,
225.5,1,0,0,0,
225.6,1,0,0,0,
225.7,1,0,0,0,
225.8,1,0,0,0,
225.9,1,0,0,0,
226,1,0,0,0,
226.1,1,0,0,0,
226.2,1,0,0,0,
226.3,1,0,0,0,
226.4,1,0,0,0,
226.5,1,0,0,0,
226.6,1,0,0,0,
226.7,1,0,0,0,
226.8,1,0,0,0,
226.9,1,0,0,0,
227,1,0,0,0,
227.1,1,0,0,0,
227.2,1,0,0,0,
227.3,1,0,0,0,
227.4,1,0,0,0,
227.5,1,0,0,0,
227.6,1,0,0,0,
227.7,1,0,0,0,
227.8,1,0,0,0,
227.9,1,0,0,0,
228,1,0,0,0,
228.1,1,0,0,0,
228.2,1,0,0,0,
228.3,1,0,0,0,
228.4,1,0,0,0,
228.5,1,0,0,0,
228.6,1,0,0,0,
228.7,1,0,0,0,
228.8,1,0,0,0,
228.9,1,0,0,0,
229,1,0,0,0,
229.1,1,0,0,0,
229.2,1,0,0,0,
229.3,1,0,0,0,
229.4,1,0,0,0,
229.5,1,0,0,0,
229.6,1,0,0,0,
229.7,1,0,0,0,
229.8,1,0,0,0,
229.9,1,0,0,0,
230,1,0,0,0,
230.1,1,0,0,0,
230.2,1,0,0,0,
230.3,1,0,0,0,
230.4,1,0,0,0,
230.5,1,0,0,0,
230.6,1,0,0,0,
230.7,1,0,0,0,
230.8,1,0,0,0,
230.9,1,0,0,0,
231,1,0,0,0,
231.1,1,0,0,0,
231.2,1,0,0,0,
231.3,1,0,0,0,
231.4,1,0,0,0,
231.5,1,0,0,0,
231.6,1,0,0,0,
231.7,1,0,0,0,
231.8,1,0,0,0,
231.9,1,0,0,0,
232,1,0,0,0,
232.1,1,0,0,0,
232.2,1,0,0,0,
232.3,1,0,0,0,
232.4,1,0,0,0,
232.5,1,0,0,0,
232.6,1,0,0,0,
232.7,1,0,0,0,
232.8,1,0,0,0,
232.9,1,0,0,0,
233,1,0,0,0,
233.1,1,0,0,0,
233.2,1,0,0,0,
233.3,1,0,0,0,
233.4,1,0,0,0,
233.5,1,0,0,0,
233.6,1,0,0,0,
233.7,1,0,0,0,
233.8,1,0,0,0,
233.9,1,0,0,0,
234,1,0,0,0,
234.1,1,0,0,0,
234.2,1,0,0,0,
234.3,1,0,0,0,
234.4,1,0,0,0,
234.5,1,0,0,0,
234.6,1,0,0,0,
234.7,1,0,0,0,
234.8,1,0,0,0,
234.9,1,0,0,0,
235,1,0,0,0,
235.1,1,0,0,0,
235.2,1,0,0,0,
235.3,1,0,0,0,
235.4,1,0,0,0,
235.5,1,0,0,0,
235.6,1,0,0,0,
235.7,1,0,0,0,
235.8,1,0,0,0,
235.9,1,0,0,0,
236,1,0,0,0,
236.1,1,0,0,0,
236.2,1,0,0,0,
236.3,1,0,0,0,
236.4,1,0,0,0,
236.5,1,0,0,0,
236.6,1,0,0,0,
236.7,1,0,0,0,
236.8,1,0,0,0,
236.9,1,0,0,0,
237,1,0,0,0,
237.1,1,0,0,0,
237.2,1,0,0,0,
237.3,1,0,0,0,
237.4,1,0,0,0,
237.5,1,0,0,0,
237.6,1,0,0,0,
237.7,1,0,0,0,
237.8,1,0,0,0,
237.9,1,0,0,0,
238,1,0,0,0,
238.1,1,0,0,0,
238.2,1,0,0,0,
238.3,1,0,0,0,
238.4,1,0,0,0,
238.5,1,0,0,0,
238.6,1,0,0,0,
238.7,1,0,0,0,
238.8,1,0,0,0,
238.9,1,0,0,0,
239,1,0,0,0,
239.1,1,0,0,0,
239.2,1,0,0,0,
239.3,1,0,0,0,
239.4,1,0,0,0,
239.5,1,0,0,0,
239.6,1,0,0,0,
239.7,1,0,0,0,
239.8,1,0,0,0,
239.9,1,0,0,0,
240,1,0,0,0,
240.1,1,0,0,0,
240.2,1,0,0,0,
240.3,1,0,0,0,
240.4,1,0,0,0,
240.5,1,0,0,0,
240.6,1,0,0,0,
240.7,1,0,0,0,
240.8,1,0,0,0,
240.9,1,0,0,0,
241,1,0,0,0,
241.1,1,0,0,0,
241.2,1,0,0,0,
241.3,1,0,0,0,
241.4,1,0,0,0,
241.5,1,0,0,0,
241.6,1,0,0,0,
241.7,1,0,0,0,
241.8,1,0,0,0,
241.9,1,0,0,0,
242,1,0,0,0,
242.1,1,0,0,0,
242.2,1,0,0,0,
242.3,1,0,0,0,
242.4,1,0,0,0,
242.5,1,0,0,0,
242.6,1,0,0,0,
242.7,1,0,0,0,
242.8,1,0,0,0,
242.9,1,0,0,0,
243,1,0,0,0,
243.1,1,0,0,0,
243.2,1,0,0,0,
243.3,1,0,0,0,
243.4,1,0,0,0,
243.5,1,0,0,0,
243.6,1,0,0,0,
243.7,1,0,0,0,
243.8,1,0,0,0,
243.9,1,0,0,0,
244,1,0,0,0,
244.1,1,0,0,0,
244.2,1,0,0,0,
244.3,1,0,0,0,
244.4,1,0,0,0,
244.5,1,0,0,0,
244.6,1,0,0,0,
244.7,1,0,0,0,
244.8,1,0,0,0,
244.9,1,0,0,0,
245,1,0,0,0,
245.1,1,0,0,0,
245.2,1,0,0,0,
245.3,1,0,0,0,
245.4,1,0,0,0,
245.5,1,0,0,0,
245.6,1,0,0,0,
245.7,1,0,0,0,
245.8,1,0,0,0,
245.9,1,0,0,0,
246,1,0,0,0,
246.1,1,0,0,0,
246.2,1,0,0,0,
246.3,1,0,0,0,
246.4,1,0,0,0,
246.5,1,0,0,0,
246.6,1,0,0,0,
246.7,1,0,0,0,
246.8,1,0,0,0,
246.9,1,0,0,0,
247,1,0,0,0,
247.1,1,0,0,0,
247.2,1,0,0,0,
247.3,1,0,0,0,
247.4,1,0,0,0,
247.5,1,0,0,0,
247.6,1,0,0,0,
247.7,1,0,0,0,
247.8,1,0,0,0,
247.9,1,0,0,0,
248,1,0,0,0,
248.1,1,0,0,0,
248.2,1,0,0,0,
248.3,1,0,0,0,
248.4,1,0,0,0,
248.5,1,0,0,0,
248.6,1,0,0,0,
248.7,1,0,0,0,
248.8,1,0,0,0,
248.9,1,0,0,0,
249,1,0,0,0,
249.1,1,0,0,0,
249.2,1,0,0,0,
249.3,1,0,0,0,
249.4,1,0,0,0,
249.5,1,0,0,0,
249.6,1,0,0,0,
249.7,1,0,0,0,
249.8,1,0,0,0,
249.9,1,0,0,0,
250,1,0,0,0,
250.1,1,0,0,0,
250.2,1,0,0,0,
250.3,1,0,0,0,
250.4,1,0,0,0,
250.5,1,0,0,0,
250.6,1,0,0,0,
250.7,1,0,0,0,
250.8,1,0,0,0,
250.9,1,0,0,0,
251,1,0,0,0,
251.1,1,0,0,0,
251.2,1,0,0,0,
251.3,1,0,0,0,
251.4,1,0,0,0,
251.5,1,0,0,0,
251.6,1,0,0,0,
251.7,1,0,0,0,
251.8,1,0,0,0,
251.9,1,0,0,0,
252,1,0,0,0,
252.1,1,0,0,0,
252.2,1,0,0,0,
252.3,1,0,0,0,
252.4,1,0,0,0,
252.5,1,0,0,0,
252.6,1,0,0,0,
252.7,1,0,0,0,
252.8,1,0,0,0,
252.9,1,0,0,0,
253,1,0,0,0,
253.1,1,0,0,0,
253.2,1,0,0,0,
253.3,1,0,0,0,
253.4,1,0,0,0,
253.5,1,0,0,0,
253.6,1,0,0,0,
253.7,1,0,0,0,
253.8,1,0,0,0,
253.9,1,0,0,0,
254,1,0,0,0,
254.1,1,0,0,0,
254.2,1,0,0,0,
254.3,1,0,0,0,
254.4,1,0,0,0,
254.5,1,0,0,0,
254.6,1,0,0,0,
254.7,1,0,0,0,
254.8,1,0,0,0,
254.9,1,0,0,0,
255,1,0,0,0,
255.1,1,0,0,0,
255.2,1,0,0,0,
255.3,1,0,0,0,
255.4,1,0,0,0,
255.5,1,0,0,0,
255.6,1,0,0,0,
255.7,1,0,0,0,
255.8,1,0,0,0,
255.9,1,0,0,0,
256,1,0,0,0,
256.1,1,0,0,0,
256.2,1,0,0,0,
256.3,1,0,0,0,
256.4,1,0,0,0,
256.5,1,0,0,0,
256.6,1,0,0,0,
256.7,1,0,0,0,
256.8,1,0,0,0,
256.9,1,0,0,0,
257,1,0,0,0,
257.1,1,0,0,0,
257.2,1,0,0,0,
257.3,1,0,0,0,
257.4,1,0,0,0,
257.5,1,0,0,0,
257.6,1,0,0,0,
257.7,1,0,0,0,
257.8,1,0,0,0,
257.9,1,0,0,0,
258,1,0,0,0,
258.1,1,0,0,0,
258.2,1,0,0,0,
258.3,1,0,0,0,
258.4,1,0,0,0,
258.5,1,0,0,0,
258.6,1,0,0,0,
258.7,1,0,0,0,
258.8,1,0,0,0,
258.9,1,0,0,0,
259,1,0,0,0,
259.1,1,0,0,0,
259.2,1,0,0,0,
259.3,1,0,0,0,
259.4,1,0,0,0,
259.5,1,0,0,0,
259.6,1,0,0,0,
259.7,1,0,0,0,
259.8,1,0,0,0,
259.9,1,0,0,0,
260,1,0,0,1,
260.1,1,0,0,1,
260.2,1,0,0,1,
260.3,1,0,0,1,
260.4,1,0,0,1,
260.5,1,0,0,1,
260.6,1,0,0,1,
260.7,1,0,0,1,
260.8,1,0,0,1,
260.9,1,0,0,1,
261,1,0,0,1,
261.1,1,0,0,1,
261.2,1,0,0,1,
261.3,1,0,0,1,
261.4,1,0,0,1,
261.5,1,0,0,1,
261.6,1,0,0,1,
261.7,1,0,0,1,
261.8,1,0,0,1,
261.9,1,0,0,1,
262,1,0,0,1,
262.1,1,0,0,1,
262.2,1,0,0,1,
262.3,1,0,0,1,
262.4,1,0,0,1,
262.5,1,0,0,1,
262.6,1,0,0,1,
262.7,1,0,0,1,
262.8,1,0,0,1,
262.9,1,0,0,1,
263,1,0,0,1,
263.1,1,0,0,1,
263.2,1,0,0,1,
263.3,1,0,0,1,
263.4,1,0,0,1,
263.5,1,0,0,1,
263.6,1,0,0,1,
263.7,1,0,0,1,
263.8,1,0,0,1,
263.9,1,0,0,1,
264,1,0,0,1,
264.1,1,0,0,1,
264.2,1,0,0,1,
264.3,1,0,0,1,
264.4,1,0,0,1,
264.5,1,0,0,1,
264.6,1,0,0,1,
264.7,1,0,0,1,
264.8,1,0,0,1,
264.9,1,0,0,1,
265,1,0,0,1,
265.1,1,0,0,1,
265.2,1,0,0,1,
265.3,1,0,0,1,
265.4,1,0,0,1,
265.5,1,0,0,1,
265.6,1,0,0,1,
265.7,1,0,0,1,
265.8,1,0,0,1,
265.9,1,0,0,1,
266,1,0,0,1,
266.1,1,0,0,1,
266.2,1,0,0,1,
266.3,1,0,0,1,
266.4,1,0,0,1,
266.5,1,0,0,1,
266.6,1,0,0,1,
266.7,1,0,0,1,
266.8,1,0,0,1,
266.9,1,0,0,1,
267,1,0,0,1,
267.1,1,0,0,1,
267.2,1,0,0,1,
267.3,1,0,0,1,
267.4,1,0,0,1,
267.5,1,0,0,1,
267.6,1,0,0,1,
267.7,1,0,0,1,
267.8,1,0,0,1,
267.9,1,0,0,1,
268,1,0,0,1,
268.1,1,0,0,1,
268.2,1,0,0,1,
268.3,1,0,0,1,
268.4,1,0,0,1,
268.5,1,0,0,1,
268.6,1,0,0,1,
268.7,1,0,0,1,
268.8,1,0,0,1,
268.9,1,0,0,1,
269,1,0,0,1,
269.1,1,0,0,1,
269.2,1,0,0,1,
269.3,1,0,0,1,
269.4,1,0,0,1,
269.5,1,0,0,1,
269.6,1,0,0,1,
269.7,1,0,0,1,
269.8,1,0,0,1,
269.9,1,0,0,1,
270,1,0,0,1,
270.1,1,0,0,1,
270.2,1,0,0,1,
270.3,1,0,0,1,
270.4,1,0,0,1,
270.5,1,0,0,1,
270.6,1,0,0,1,
270.7,1,0,0,1,
270.8,1,0,0,1,
270.9,1,0,0,1,
271,1,0,0,1,
271.1,1,0,0,1,
271.2,1,0,0,1,
271.3,1,0,0,1,
271.4,1,0,0,1,
271.5,1,0,0,1,
271.6,1,0,0,1,
271.7,1,0,0,1,
271.8,1,0,0,1,
271.9,1,0,0,1,
272,1,0,0,1,
272.1,1,0,0,1,
272.2,1,0,0,1,
272.3,1,0,0,1,
272.4,1,0,0,1,
272.5,1,0,0,1,
272.6,1,0,0,1,
272.7,1,0,0,1,
272.8,1,0,0,1,
272.9,1,0,0,1,
273,1,0,0,1,
273.1,1,0,0,1,
273.2,1,0,0,1,
273.3,1,0,0,1,
273.4,1,0,0,1,
273.5,1,0,0,1,
273.6,1,0,0,1,
273.7,1,0,0,1,
273.8,1,0,0,1,
273.9,1,0,0,1,
274,1,0,0,1,
274.1,1,0,0,1,
274.2,1,0,0,1,
274.3,1,0,0,1,
274.4,1,0,0,1,
274.5,1,0,0,1,
274.6,1,0,0,1,
274.7,1,0,0,1,
274.8,1,0,0,1,
274.9,1,0,0,1,
275,1,0,0,1,
275.1,1,0,0,1,
275.2,1,0,0,1,
275.3,1,0,0,1,
275.4,1,0,0,1,
275.5,1,0,0,1,
275.6,1,0,0,1,
275.7,1,0,0,1,
275.8,1,0,0,1,
275.9,1,0,0,1,
276,1,0,0,1,
276.1,1,0,0,1,
276.2,1,0,0,1,
276.3,1,0,0,1,
276.4,1,0,0,1,
276.5,1,0,0,1,
276.6,1,0,0,1,
276.7,1,0,0,1,
276.8,1,0,0,1,
276.9,1,0,0,1,
277,1,0,0,1,
277.1,1,0,0,1,
277.2,1,0,0,1,
277.3,1,0,0,1,
277.4,1,0,0,1,
277.5,1,0,0,1,
277.6,1,0,0,1,
277.7,1,0,0,1,
277.8,1,0,0,1,
277.9,1,0,0,1,
278,1,0,0,1,
278.1,1,0,0,1,
278.2,1,0,0,1,
278.3,1,0,0,1,
278.4,1,0,0,1,
278.5,1,0,0,1,
278.6,1,0,0,1,
278.7,1,0,0,1,
278.8,1,0,0,1,
278.9,1,0,0,1,
279,1,0,0,1,
279.1,1,0,0,1,
279.2,1,0,0,1,
279.3,1,0,0,1,
279.4,1,0,0,1,
279.5,1,0,0,1,
279.6,1,0,0,1,
279.7,1,0,0,1,
279.8,1,0,0,1,
279.9,1,0,0,1,
280,1,0,0,0,
280.1,1,0,0,0,
280.2,1,0,0,0,
280.3,1,0,0,0,
280.4,1,0,0,0,
280.5,1,0,0,0,
280.6,1,0,0,0,
280.7,1,0,0,0,
280.8,1,0,0,0,
280.9,1,0,0,0,
281,1,0,0,0,
281.1,1,0,0,0,
281.2,1,0,0,0,
281.3,1,0,0,0,
281.4,1,0,0,0,
281.5,1,0,0,0,
281.6,1,0,0,0,
281.7,1,0,0,0,
281.8,1,0,0,0,
281.9,1,0,0,0,
282,1,0,0,0,
282.1,1,0,0,0,
282.2,1,0,0,0,
282.3,1,0,0,0,
282.4,1,0,0,0,
282.5,1,0,0,0,
282.6,1,0,0,0,
282.7,1,0,0,0,
282.8,1,0,0,0,
282.9,1,0,0,0,
283,1,0,0,0,
283.1,1,0,0,0,
283.2,1,0,0,0,
283.3,1,0,0,0,
283.4,1,0,0,0,
283.5,1,0,0,0,
283.6,1,0,0,0,
283.7,1,0,0,0,
283.8,1,0,0,0,
283.9,1,0,0,0,
284,1,0,0,0,
284.1,1,0,0,0,
284.2,1,0,0,0,
284.3,1,0,0,0,
284.4,1,0,0,0,
284.5,1,0,0,0,
284.6,1,0,0,0,
284.7,1,0,0,0,
284.8,1,0,0,0,
284.9,1,0,0,0,
285,1,0,0,0,
285.1,1,0,0,0,
285.2,1,0,0,0,
285.3,1,0,0,0,
285.4,1,0,0,0,
285.5,1,0,0,0,
285.6,1,0,0,0,
285.7,1,0,0,0,
285.8,1,0,0,0,
285.9,1,0,0,0,
286,1,0,0,0,
286.1,1,0,0,0,
286.2,1,0,0,0,
286.3,1,0,0,0,
286.4,1,0,0,0,
286.5,1,0,0,0,
286.6,1,0,0,0,
286.7,1,0,0,0,
286.8,1,0,0,0,
286.9,1,0,0,0,
287,1,0,0,0,
287.1,1,0,0,0,
287.2,1,0,0,0,
287.3,1,0,0,0,
287.4,1,0,0,0,
287.5,1,0,0,0,
287.6,1,0,0,0,
287.7,1,0,0,0,
287.8,1,0,0,0,
287.9,1,0,0,0,
288,1,0,0,0,
288.1,1,0,0,0,
288.2,1,0,0,0,
288.3,1,0,0,0,
288.4,1,0,0,0,
288.5,1,0,0,0,
288.6,1,0,0,0,
288.7,1,0,0,0,
288.8,1,0,0,0,
288.9,1,0,0,0,
289,1,0,0,0,
289.1,1,0,0,0,
289.2,1,0,0,0,
289.3,1,0,0,0,
289.4,1,0,0,0,
289.5,1,0,0,0,
289.6,1,0,0,0,
289.7,1,0,0,0,
289.8,1,0,0,0,
289.9,1,0,0,0,
290,1,0,0,0,
290.1,1,0,0,0,
290.2,1,0,0,0,
290.3,1,0,0,0,
290.4,1,0,0,0,
290.5,1,0,0,0,
290.6,1,0,0,0,
290.7,1,0,0,0,
290.8,1,0,0,0,
290.9,1,0,0,0,
291,1,0,0,0,
291.1,1,0,0,0,
291.2,1,0,0,0,
291.3,1,0,0,0,
291.4,1,0,0,0,
291.5,1,0,0,0,
291.6,1,0,0,0,
291.7,1,0,0,0,
291.8,1,0,0,0,
291.9,1,0,0,0,
292,1,0,0,0,
292.1,1,0,0,0,
292.2,1,0,0,0,
292.3,1,0,0,0,
292.4,1,0,0,0,
292.5,1,0,0,0,
292.6,1,0,0,0,
292.7,1,0,0,0,
292.8,1,0,0,0,
292.9,1,0,0,0,
293,1,0,0,0,
293.1,1,0,0,0,
293.2,1,0,0,0,
293.3,1,0,0,0,
293.4,1,0,0,0,
293.5,1,0,0,0,
293.6,1,0,0,0,
293.7,1,0,0,0,
293.8,1,0,0,0,
293.9,1,0,0,0,
294,1,0,0,0,
294.1,1,0,0,0,
294.2,1,0,0,0,
294.3,1,0,0,0,
294.4,1,0,0,0,
294.5,1,0,0,0,
294.6,1,0,0,0,
294.7,1,0,0,0,
294.8,1,0,0,0,
294.9,1,0,0,0,
295,1,0,0,0,
295.1,1,0,0,0,
295.2,1,0,0,0,
295.3,1,0,0,0,
295.4,1,0,0,0,
295.5,1,0,0,0,
295.6,1,0,0,0,
295.7,1,0,0,0,
295.8,1,0,0,0,
295.9,1,0,0,0,
296,1,0,0,0,
296.1,1,0,0,0,
296.2,1,0,0,0,
296.3,1,0,0,0,
296.4,1,0,0,0,
296.5,1,0,0,0,
296.6,1,0,0,0,
296.7,1,0,0,0,
296.8,1,0,0,0,
296.9,1,0,0,0,
297,1,0,0,0,
297.1,1,0,0,0,
297.2,1,0,0,0,
297.3,1,0,0,0,
297.4,1,0,0,0,
297.5,1,0,0,0,
297.6,1,0,0,0,
297.7,1,0,0,0,
297.8,1,0,0,0,
297.9,1,0,0,0,
298,1,0,0,0,
298.1,1,0,0,0,
298.2,1,0,0,0,
298.3,1,0,0,0,
298.4,1,0,0,0,
298.5,1,0,0,0,
298.6,1,0,0,0,
298.7,1,0,0,0,
298.8,1,0,0,0,
298.9,1,0,0,0,
299,1,0,0,0,
299.1,1,0,0,0,
299.2,1,0,0,0,
299.3,1,0,0,0,
299.4,1,0,0,0,
299.5,1,0,0,0,
299.6,1,0,0,0,
299.7,1,0,0,0,
299.8,1,0,0,0,
299.9,1,0,0,0,